date,open,high,low,close,volume
2018-01-02,4.828970391796319,4.920725679611751,4.79739922619244,4.917025566101074,355616000.0
2018-01-03,5.034187809275287,5.270974939410014,5.025554991711063,5.240636348724365,914704000.0
2018-01-04,5.321783927642119,5.378267473924456,5.246061199726822,5.2682600021362305,583268000.0
2018-01-05,5.283060704235155,5.3501501614380835,5.206351418828045,5.312905788421631,580124000.0
2018-01-08,5.436232596375194,5.549692755787042,5.391341473561443,5.475697040557861,881216000.0
2018-01-09,5.481121759840608,5.520586193303134,5.392820054684219,5.474215507507324,497000000.0
2018-01-10,5.3819687309479125,5.520587793610505,5.327705236820333,5.517134666442871,582664000.0
2018-01-11,5.549691790161697,5.581016916627212,5.505540698045821,5.5269999504089355,406032000.0
2018-01-12,5.5151619022263745,5.549446658347346,5.459418358837358,5.499869346618652,359916000.0
2018-01-16,5.526261070695698,5.611602710580234,5.344724433307752,5.429079532623291,702348000.0
2018-01-17,5.443631043911312,5.552651518824776,5.349903121083364,5.54278564453125,538408000.0
2018-01-18,5.523547156319014,5.590143580389749,5.492469013267313,5.535880088806152,408632000.0
2018-01-19,5.62590689433937,5.699902587922885,5.599021908382469,5.6757307052612305,609380000.0
2018-01-22,5.683623923825004,5.765759403905469,5.6261538336060335,5.76403284072876,550944000.0
2018-01-23,5.817310281065666,5.915478343550291,5.798811589921604,5.892786502838135,475228000.0
2018-01-24,5.895993134251916,5.931757932087007,5.760580690221696,5.816077709197998,579972000.0
2018-01-25,5.870341706983181,5.913506267896078,5.814845153664646,5.829644203186035,409884000.0
2018-01-26,5.873301028435057,6.002053730327495,5.860475061745394,6.00180721282959,516356000.0
2018-01-29,5.987255503575934,6.119708338361881,5.934718571671923,6.088629722595215,455116000.0
2018-01-30,5.947050609360371,6.078023388684311,5.88045418520516,5.986761569976807,570832000.0
2018-01-31,6.061989812636716,6.148318444116083,6.029431628920219,6.062729835510254,478576000.0
2018-02-01,5.883166223302606,6.0898617123392205,5.8718203038183265,5.932003498077393,519224000.0
2018-02-02,5.845675610720848,5.869600979057125,5.701876883222296,5.75984001159668,718464000.0
2018-02-05,5.599022589485811,5.752687189838002,5.056385869019509,5.270974159240723,1165204000.0
2018-02-06,5.041587188137092,5.566957843669648,5.0317208428353695,5.563998222351074,1114800000.0
2018-02-07,5.662659404856215,5.79560525767963,5.591623317199242,5.643420219421387,802932000.0
2018-02-08,5.7687204549270295,5.801771678249629,5.364949240065885,5.365196228027344,1144000000.0
2018-02-09,5.876508327451299,5.89229391732831,5.365196633696778,5.724323272705078,1674604000.0
2018-02-12,5.805225365688938,5.808185457886176,5.550433030499788,5.624428749084473,1093172000.0
2018-02-13,5.588169427876423,5.784012030050489,5.5558577625449335,5.737887859344482,625524000.0
2018-02-14,5.697685648370116,5.983556636155579,5.6865862421085795,5.954698085784912,744988000.0
2018-02-15,6.037819984981844,6.126121727244664,5.957164521080183,6.079997539520264,698900000.0
2018-02-16,6.052863594141594,6.166323724861527,6.005259379277146,6.01438570022583,637656000.0
2018-02-20,6.0368315366604435,6.212448425008004,6.033131422201149,6.143632411956787,686240000.0
2018-02-21,6.208007977589469,6.214914229774236,5.953215258192458,5.956914901733398,892292000.0
2018-02-22,5.9907291074539275,6.062302685013316,5.911010689034174,5.976414203643799,534364000.0
2018-02-23,6.036141816174472,6.06970739364624,5.985546543870526,6.06970739364624,415300000.0
2018-02-26,6.115858012207493,6.1203004373404974,6.023552354712518,6.085747718811035,469312000.0
2018-02-27,6.059095894870027,6.143257235699063,6.0499643684418904,6.072917461395264,455436000.0
2018-02-28,6.0837750668917785,6.123264036362615,5.9611124025141065,5.972712516784668,523116000.0
2018-03-01,5.9704900571951,6.0242939219818235,5.630144306167082,5.731088161468506,1040120000.0
2018-03-02,5.623728079531313,5.844373156399444,5.475397537269043,5.837955951690674,913428000.0
2018-03-05,5.787853502345341,5.8554784572158525,5.664697046299793,5.8159894943237305,620776000.0
2018-03-06,5.901138538474955,5.99591234882591,5.858194295412294,5.976661205291748,636808000.0
2018-03-07,5.873988135737481,6.020838145115512,5.872754311705002,5.968761920928955,581208000.0
2018-03-08,5.996157881288934,5.996157881288934,5.908294633822878,5.952473163604736,411912000.0
2018-03-09,5.999858682764769,6.067730294662885,5.9838166184539885,6.054896831512451,505524000.0
2018-03-12,6.096114908568405,6.244198290359063,6.087970068367301,6.164233207702637,605060000.0
2018-03-13,6.206931239835149,6.281220077738094,6.07242179704679,6.113638401031494,619772000.0
2018-03-14,6.156583534990063,6.183732380643078,6.07686510547297,6.1390604972839355,505496000.0
2018-03-15,6.15263389729927,6.234819962080704,6.111910635589565,6.153867721557617,401952000.0
2018-03-16,6.170156714334644,6.201007497906318,6.132642056064475,6.182003498077393,399456000.0
2018-03-19,6.125238435700395,6.1541144427405,5.849309007901929,5.948031425476074,713772000.0
2018-03-20,5.950993641898183,6.198540435502222,5.950993641898183,6.159791946411133,554696000.0
2018-03-21,6.153373231955915,6.219517691114243,6.1042589350562935,6.134616374969482,438688000.0
2018-03-22,6.071434225556255,6.117833735683708,5.931741883046754,5.9690093994140625,551196000.0
2018-03-23,5.9825845191133915,5.9850526385466,5.738740156358445,5.749846458435059,735620000.0
2018-03-26,5.873989167747682,6.03515363549803,5.822160075858112,6.033919811248779,611424000.0
2018-03-27,6.1146243917264735,6.17015588887546,5.4260352393156515,5.565974235534668,1409000000.0
2018-03-28,5.531669639416001,5.661489523753892,5.35569690909767,5.463057518005371,945904000.0
2018-03-29,5.531174174623569,5.812286451836281,5.447013349214397,5.715785503387451,916628000.0
2018-04-02,5.645446991905177,5.791309405666721,5.368036597236471,5.455652713775635,922092000.0
2018-04-03,5.622247244965913,5.685182639429229,5.4630570809028605,5.561779499053955,667432000.0
2018-04-04,5.306581299585368,5.594110820550993,5.281653908568248,5.583745002746582,789168000.0
2018-04-05,5.641991241895627,5.655071849370176,5.39247019266676,5.463797092437744,701240000.0
2018-04-06,5.361370571437026,5.469224940462609,5.258699109623449,5.287822246551514,662988000.0
2018-04-09,5.35076046997515,5.478359371517432,5.296462784619328,5.3164544105529785,499524000.0
2018-04-10,5.546230591759072,5.6518635522267235,5.489218120557853,5.624961853027344,761676000.0
2018-04-11,5.610153359377357,5.651369959907921,5.551166583719694,5.583745002746582,460244000.0
2018-04-12,5.676545102861869,5.807845957473086,5.632366562689012,5.790075778961182,593920000.0
2018-04-13,5.853504372510021,5.86189588403577,5.665438199778203,5.713565349578857,503036000.0
2018-04-16,5.720229848145394,5.746638209886328,5.619285969617158,5.713319301605225,350792000.0
2018-04-17,5.765395109678466,5.883862016405811,5.70986360004201,5.862636566162109,447224000.0
2018-04-18,5.812287189769074,5.9048395365535855,5.744909375055191,5.833759307861328,391364000.0
2018-04-19,5.719735104302074,5.753054007156208,5.5975662645825155,5.65285062789917,471996000.0
2018-04-20,5.64421243710298,5.728373276907721,5.613608794921182,5.6447062492370605,386200000.0
2018-04-23,5.662475932895828,5.713564536155137,5.499583847186107,5.525498390197754,427508000.0
2018-04-24,5.551167715232185,5.646928214098621,5.394198979811333,5.45935583114624,414596000.0
2018-04-25,5.42973851030669,5.468734138552372,5.190336572729784,5.3473052978515625,588492000.0
2018-04-26,5.5087160762706295,5.5667157025196055,5.442818750768528,5.558570861816406,375824000.0
2018-04-27,5.66420402844602,5.683948511019761,5.543762355224279,5.585966110229492,400848000.0
2018-04-30,5.602255909765012,5.651864027486285,5.531422812333573,5.550673484802246,327844000.0
2018-05-01,5.54252783597705,5.608671820767293,5.484034407669387,5.60595703125,253788000.0
2018-05-02,5.602502275922489,5.6469270071822075,5.5593108980859665,5.585472583770752,268248000.0
2018-05-03,5.617310565547473,5.776500717117908,5.572144880373844,5.750339031219482,443144000.0
2018-05-04,5.721709946592055,5.903359377958248,5.704433582860858,5.900150775909424,400660000.0
2018-05-07,6.004550480167392,6.1945914406877725,5.994678002389146,6.137578964233398,687616000.0
2018-05-08,6.137826112103173,6.182745136293116,6.088958473091492,6.180030345916748,506616000.0
2018-05-09,6.200019779667379,6.31503139243186,6.172870941958519,6.312809944152832,596760000.0
2018-05-10,6.365627858101965,6.4293037385316465,6.347857680745201,6.420172214508057,994080000.0
2018-05-11,6.238768152818595,6.411779381119491,6.183483795652961,6.281959056854248,1214456000.0
2018-05-14,6.319967962252316,6.3796952200504125,6.278751362181617,6.3024444580078125,523140000.0
2018-05-15,6.239014372432745,6.2417296325577265,5.960370217016856,6.060573577880859,963528000.0
2018-05-16,6.02207338246265,6.133629742702751,5.985299203823298,6.071681499481201,553828000.0
2018-05-17,6.073408950623425,6.207177910542902,6.057366410452623,6.113638401031494,519784000.0
2018-05-18,6.165466756633866,6.228648809864714,6.065016250284316,6.069952487945557,483716000.0
2018-05-21,6.167197013150669,6.170898957596769,5.935445593462679,6.027997970581055,640624000.0
2018-05-22,6.041324076730589,6.066498139443173,5.929520583332928,5.989988327026367,518264000.0
2018-05-23,5.933929030106493,6.114456226925811,5.9331880892692,6.113221168518066,442956000.0
2018-05-24,6.1095167734599265,6.15915556891217,6.056420568216453,6.116925239562988,437372000.0
2018-05-25,6.129519836755912,6.172490632698799,6.093957977403313,6.156191349029541,292112000.0
2018-05-29,6.1381647626251565,6.207066616853725,6.092477487474644,6.139152526855469,352684000.0
2018-05-30,6.172738449513654,6.256457226198308,6.148042463158842,6.247813701629639,390996000.0
2018-05-31,6.215955021628862,6.302390723741467,6.205335970678587,6.228055953979492,493868000.0
2018-06-01,6.272755959507304,6.368329309955514,6.264112435698902,6.362154960632324,421968000.0
2018-06-04,6.396234033786173,6.562684243665887,6.364129590978997,6.54070520401001,642024000.0
2018-06-05,6.543916894763945,6.583677576345183,6.499217393048136,6.546139717102051,391712000.0
2018-06-06,6.456245664020402,6.551324885675663,6.439946382337691,6.54811429977417,371356000.0
2018-06-07,6.544410079361371,6.55626418806795,6.40240854016811,6.492548942565918,369448000.0
2018-06-08,6.419942209006076,6.519713416624523,6.401173284021823,6.477236747741699,360456000.0
2018-06-11,6.464641359068936,6.50613026198293,6.423399279328499,6.436241149902344,265372000.0
2018-06-12,6.462668702728651,6.496748686247066,6.412535785065475,6.484647750854492,319160000.0
2018-06-13,6.486128299190428,6.560956718821732,6.471063603349157,6.480201244354248,338208000.0
2018-06-14,6.525147721117693,6.648133043170649,6.510329849227607,6.591579437255859,430016000.0
2018-06-15,6.5345329861526675,6.605657183548417,6.5036631202595725,6.550832271575928,432260000.0
2018-06-18,6.506872091628299,6.5641666351738195,6.4797069366908735,6.546632766723633,356268000.0
2018-06-19,6.443652003935613,6.510825143954485,6.2979466722976305,6.425130367279053,594932000.0
2018-06-20,6.466124597029383,6.530827609822944,6.427845800449018,6.477978706359863,369780000.0
2018-06-21,6.509835647386057,6.528110455913992,6.341903548586016,6.349559307098389,359516000.0
2018-06-22,6.370304401232539,6.383640391929357,6.182121947314975,6.197432994842529,434160000.0
2018-06-25,6.091241664685308,6.0949458975569915,5.816870304050774,5.9052815437316895,665816000.0
2018-06-26,6.01838990789649,6.066546828493868,5.924792065020964,5.976159572601318,478884000.0
2018-06-27,6.019624639226535,6.085809553717305,5.815883309176442,5.821316719055176,453892000.0
2018-06-28,5.8114372247181025,5.960106789022831,5.803781464255762,5.9482526779174805,338012000.0
2018-06-29,6.013203224532054,6.025797805905708,5.849222133035027,5.850457191467285,392300000.0
2018-07-02,5.781061068269142,5.98603693927105,5.760563434065278,5.982332706451416,357572000.0
2018-07-03,6.016908306946867,6.022835363562594,5.840579432461889,5.848976135253906,222732000.0
2018-07-05,5.904046169080395,5.999372222900518,5.865273724519082,5.994433403015137,306216000.0
2018-07-06,5.969985043735303,6.116431789072338,5.9487464667498715,6.108035087585449,296352000.0
2018-07-09,6.182121848214617,6.191753135209769,6.076917218855485,6.155449867248535,303880000.0
2018-07-10,6.167801426474362,6.2762162293874155,6.127547081090908,6.254237174987793,360016000.0
2018-07-11,6.161624236849754,6.196198329275567,6.102353691210243,6.112973213195801,367508000.0
2018-07-12,6.158168123967627,6.25225913402457,6.1482895406026,6.204349040985107,345508000.0
2018-07-13,6.222870128482694,6.222870128482694,6.115195848443232,6.15717887878418,246988000.0
2018-07-16,6.129519939422607,6.182369318371083,6.117172182602028,6.129519939422607,197036000.0
2018-07-17,6.080375876369563,6.280165654154368,6.054938948356211,6.265100955963135,362136000.0
2018-07-18,6.257692904289676,6.271522544969105,6.165083299565513,6.215956687927246,277640000.0
2018-07-19,6.197186071303986,6.257691203872095,6.182121847244534,6.224104404449463,235752000.0
2018-07-20,6.221635686520507,6.260408131595907,6.185085592663818,6.19595193862915,222352000.0
2018-07-23,6.169527776530568,6.171256481420087,6.008016338916703,6.159402370452881,301584000.0
2018-07-24,6.207312253221584,6.293747965843255,6.124580773514485,6.142115116119385,354620000.0
2018-07-25,6.151499736925843,6.232749337111001,6.093711064188622,6.220154285430908,319112000.0
2018-07-26,6.200150835964377,6.330297820610557,6.183357433539448,6.293500900268555,325124000.0
2018-07-27,6.330050762963551,6.336965582285599,6.170021212442217,6.22385835647583,295420000.0
2018-07-30,6.237935315883295,6.24386237118974,5.9941865206363545,6.029007911682129,340340000.0
2018-07-31,6.018635002297088,6.121616811170615,5.97986255945442,6.047035217285156,283988000.0
2018-08-01,6.0784014821229695,6.133473228177551,6.023082441714504,6.086797714233398,283556000.0
2018-08-02,6.015671029991152,6.19323442656727,5.956895074195045,6.18928337097168,269668000.0
2018-08-03,6.213731055351231,6.249540199367004,6.196938129707256,6.225831985473633,214288000.0
2018-08-06,6.213238787007001,6.276954037180822,6.166810583699202,6.273496627807617,207508000.0
2018-08-07,6.322148260940575,6.364131294951758,6.295476747349991,6.345609188079834,258132000.0
2018-08-08,6.346843538121106,6.426858069963295,6.312022150661158,6.381911277770996,262100000.0
2018-08-09,6.399692914126632,6.402409382930159,6.3258522547580744,6.333508014678955,204280000.0
2018-08-10,6.251763320043057,6.324616198473899,6.2406501531286365,6.292264461517334,256396000.0
2018-08-13,6.300910946886788,6.445629008025473,6.299182241687871,6.325112819671631,375208000.0
2018-08-14,6.43031627974937,6.470323786169073,6.347337974711382,6.456246852874756,466220000.0
2018-08-15,6.476991441043678,6.5108250694494565,6.319678823230204,6.39821195602417,591136000.0
2018-08-16,6.467853815635219,6.470323461195038,6.297698863546447,6.357709884643555,801260000.0
2018-08-17,6.2465778832406516,6.247318823920055,6.019128407167273,6.046047210693359,1143188000.0
2018-08-20,6.005547500028259,6.2530000783979345,5.895403556422801,6.120630264282227,854388000.0
2018-08-21,6.136927640222526,6.260407067707741,6.117170950666356,6.255961894989014,673988000.0
2018-08-22,6.223364636210694,6.495513174238628,6.219907226590649,6.490573883056641,749856000.0
2018-08-23,6.45204863879272,6.655048996347029,6.438218999499982,6.5898518562316895,720684000.0
2018-08-24,6.598248160623286,6.737285957048397,6.593802986980405,6.722715377807617,531512000.0
2018-08-27,6.752349696120892,6.88768324992913,6.720986188596728,6.813595771789551,505776000.0
2018-08-28,6.807667562941988,6.830388014236098,6.65628157515381,6.77605676651001,475384000.0
2018-08-29,6.768397877723354,6.9062764484625845,6.7476420753376125,6.881319999694824,420108000.0
2018-08-30,6.850186574674709,6.961132100361953,6.827701119628795,6.864518165588379,346608000.0
2018-08-31,6.844503274538157,6.948282762564248,6.834619289347884,6.935433864593506,306592000.0
2018-09-04,6.922337302765203,7.047613935915722,6.893921553246576,7.010056018829346,391720000.0
2018-09-05,6.992512159021578,7.027846509784896,6.798790389765232,6.879590034484863,393156000.0
2018-09-06,6.863282418912252,6.865753415361337,6.705883762590068,6.7387471199035645,322796000.0
2018-09-07,6.646828642312467,6.842774478655888,6.602104687719215,6.717497825622559,295420000.0
2018-09-10,6.739982363697045,6.8180640548919795,6.696246719446564,6.788412570953369,220140000.0
2018-09-11,6.742206307570554,6.829677600964378,6.721450503299689,6.740724086761475,243112000.0
2018-09-12,6.70094194213746,6.720462484681511,6.47188579678032,6.627060890197754,419092000.0
2018-09-13,6.692787900291968,6.79508470247253,6.675491396456412,6.704648494720459,305536000.0
2018-09-14,6.794837277185484,6.896392726322241,6.758020233854188,6.830418586730957,386936000.0
2018-09-17,6.804966976259421,6.853891562497653,6.749370748421825,6.768643856048584,205528000.0
2018-09-18,6.772599233888098,6.875142994119169,6.6900699321559305,6.696741104125977,299520000.0
2018-09-19,6.678208893027634,6.738252735820211,6.628295993584999,6.720461845397949,224860000.0
2018-09-20,6.5986460418229385,6.640899004004836,6.525753284236876,6.579619884490967,430584000.0
2018-09-21,6.5914801516658095,6.636945454613344,6.476581395932969,6.5096917152404785,435128000.0
2018-09-24,6.478805065198467,6.568747368078857,6.391828146956197,6.565288066864014,293912000.0
2018-09-25,6.63126152780852,6.657206284213501,6.54576683950899,6.63224983215332,280388000.0
2018-09-26,6.637190838252575,6.67746717990424,6.579617994902832,6.595431804656982,268548000.0
2018-09-27,6.630520886744471,6.651771081947571,6.575913413356341,6.607294082641602,214428000.0
2018-09-28,6.7389946913903485,6.966073755699648,6.711072855092552,6.943835258483887,709396000.0
2018-10-01,7.021422892901421,7.216626899443846,6.982876196623898,7.149911880493164,622060000.0
2018-10-02,7.122484349927857,7.233923319338518,7.0565102065126695,7.07874870300293,383964000.0
2018-10-03,7.1489231934250075,7.156336182864405,6.981146632707836,7.084926128387451,320552000.0
2018-10-04,7.048850337782409,7.073065443161982,6.824241803496959,6.901088237762451,391220000.0
2018-10-05,6.876378757707457,6.9383992134025885,6.610752530205606,6.668078422546387,426636000.0
2018-10-08,6.585054928878049,6.7002006335047914,6.426420533715067,6.567017078399658,408612000.0
2018-10-09,6.546507202644787,6.640897087169439,6.493629393429535,6.561333179473877,273500000.0
2018-10-10,6.455576917650011,6.501289641383525,6.0686277648101905,6.070851802825928,684940000.0
2018-10-11,5.983876557241739,6.117060616200139,5.788425538548014,5.809922695159912,725436000.0
2018-10-12,6.066404206318019,6.165983046094796,5.921607030514667,6.091854572296143,608236000.0
2018-10-15,6.078512091682682,6.078512091682682,5.815109908898005,5.816098213195801,449760000.0
2018-10-16,5.928527169064114,6.085431937308999,5.87935560331079,6.074312686920166,408712000.0
2018-10-17,6.136332612764242,6.1743853960683595,5.95694240125589,6.005867004394531,329668000.0
2018-10-18,6.075054333966803,6.1133536095292955,5.858352655450986,5.918643474578857,524020000.0
2018-10-19,5.973743491506479,5.993263559173427,5.6263293633346025,5.662652015686035,613608000.0
2018-10-22,5.7147900728623195,5.814615882560843,5.610763616166255,5.7133073806762695,368844000.0
2018-10-23,5.446692920678344,5.539600601257539,5.3547740157676325,5.4622602462768555,626436000.0
2018-10-24,5.42396197374743,5.470415590958733,4.913465629802037,4.927302837371826,884288000.0
2018-10-25,4.8299468279243145,5.182796949473837,4.785716789033116,5.135601997375488,951720000.0
2018-10-26,4.900119694605177,5.0614720047943615,4.771878164157613,4.899625778198242,664784000.0
2018-10-29,5.040470462799425,5.043929763659891,4.349101379465867,4.586558818817139,758016000.0
2018-10-30,4.609538199239454,5.025891408463385,4.586558358134041,5.016007423400879,807192000.0
2018-10-31,5.18032320044091,5.252968955304186,5.040961985272228,5.209480285644531,745772000.0
2018-11-01,5.245805645899684,5.3987571790551225,5.119540687731207,5.389367580413818,566528000.0
2018-11-02,5.379977456977233,5.485486598792226,5.194162582349934,5.310544013977051,452960000.0
2018-11-05,5.2974497488543895,5.320677029610046,5.072347216628895,5.232711315155029,379332000.0
2018-11-06,5.224803126122223,5.308815129984394,5.1781020890035165,5.2151665687561035,299012000.0
2018-11-07,5.281634509766608,5.372070725926416,5.218131356184044,5.282622814178467,483812000.0
2018-11-08,5.223567488669031,5.22430883483312,5.036517321039978,5.089890003204346,511352000.0
2018-11-09,5.001182011826007,5.172170903514571,4.967577310306825,5.081981658935547,413240000.0
2018-11-12,4.99080298204079,5.012794514344701,4.661673699808988,4.683418273925781,617116000.0
2018-11-13,4.781022019519366,5.045906439734066,4.7748442925051275,4.924830436706543,644712000.0
2018-11-14,5.097548996886233,5.111880588345112,4.764713821045786,4.872446537017822,526580000.0
2018-11-15,4.866516727689467,5.072840482820242,4.830687981095732,5.000936031341553,840708000.0
2018-11-16,4.035539848212435,4.216906680104168,3.9932864149906986,4.062967300415039,1963520000.0
2018-11-19,3.9977344987132506,3.998475373600427,3.5737210081392248,3.5754506587982178,1697820000.0
2018-11-20,3.3125420597976776,3.8116717964470435,3.294010057699916,3.6836771965026855,1692032000.0
2018-11-21,3.8205671248087554,3.837369476002701,3.548516691992622,3.5756969451904297,1025496000.0
2018-11-23,3.541104757687475,3.696279642791116,3.5282558563349244,3.5828635692596436,411968000.0
2018-11-26,3.7036914036575084,3.79215099132072,3.6214090706654476,3.781773090362549,814832000.0
2018-11-27,3.755828771403144,3.8796229659284016,3.7200002637628984,3.7985761165618896,738060000.0
2018-11-28,3.915945058544031,3.96042204772829,3.783749824743226,3.955233097076416,804524000.0
2018-11-29,3.957459192484639,3.9945602780610026,3.861985568722618,3.8921611309051514,549172000.0
2018-11-30,3.901806443862262,4.052931897618015,3.8515961747545906,4.042296409606934,729564000.0
2018-12-03,4.269110975711925,4.320558012378805,4.1390092078961525,4.205791473388672,890804000.0
2018-12-04,4.16126799171103,4.166214928685318,3.8708894903957574,3.8859775066375732,812112000.0
2018-12-06,3.7457353951942864,3.9201109339239735,3.7301529664919557,3.9151642322540283,692308000.0
2018-12-07,3.9193690831005537,3.9295101641674255,3.6017830797258505,3.651003837585449,681676000.0
2018-12-10,3.6062347843390494,3.780857757874147,3.602524581310887,3.7561235427856445,629472000.0
2018-12-11,3.84764083718885,3.855803097427009,3.586448509567762,3.6653504371643066,671912000.0
2018-12-12,3.671038695027917,3.7788794438540028,3.581995933326017,3.6829111576080322,654136000.0
2018-12-13,3.729658404997222,3.7937197381178542,3.6467990861594393,3.6826634407043457,471384000.0
2018-12-14,3.6411107761414425,3.724712199233271,3.5988155358498575,3.6223130226135254,471820000.0
2018-12-17,3.5923838146649856,3.6643599622546725,3.4934471880581057,3.5513250827789307,662868000.0
2018-12-18,3.59510495972883,3.718280935640844,3.567897507686149,3.634432315826416,564372000.0
2018-12-19,3.600793542984009,3.6542193866108357,3.374476326159526,3.4259233474731445,745364000.0
2018-12-20,3.4175134638632625,3.507298298895326,3.2819704029459897,3.3415796756744385,749588000.0
2018-12-21,3.368045546761011,3.4009420238946313,3.177345474829577,3.2048003673553467,863740000.0
2018-12-24,3.1286184705020794,3.2149405323336837,3.0793974894574774,3.143211603164673,463840000.0
2018-12-26,3.1892166765789702,3.29309997438672,3.07840785703509,3.2921106815338135,695100000.0
2018-12-27,3.23992317298767,3.2743035931787516,3.0962178191669945,3.244375228881836,637044000.0
2018-12-28,3.2649033245277814,3.3982203386389527,3.223102748867108,3.3057146072387695,628728000.0
2018-12-31,3.349000259522261,3.381401853232403,3.2713350808799397,3.3020055294036865,465140000.0
2019-01-02,3.231265932474815,3.4251813233405146,3.2166727958069883,3.3692822456359863,508752000.0
2019-01-03,3.3091773655520575,3.3430631258197834,3.1582993402427686,3.165719509124756,705552000.0
2019-01-04,3.2386860009683236,3.4066306700153226,3.208015788753287,3.3685402870178223,585620000.0
2019-01-07,3.4256759528263236,3.5837269755322927,3.374476139704022,3.546873092651367,709160000.0
2019-01-08,3.6282484402620594,3.6304747038239435,3.3861013522102255,3.4585723876953125,786016000.0
2019-01-09,3.5097726131471214,3.573834196303238,3.459315111577276,3.5265920162200928,617260000.0
2019-01-10,3.50729894643275,3.6007937657691107,3.446947574800158,3.592136859893799,523156000.0
2019-01-11,3.5698757841367086,3.7039349179272896,3.5421736878643633,3.6811795234680176,874764000.0
2019-01-14,3.62899051315197,3.746230250626292,3.605493030231585,3.721001386642456,730168000.0
2019-01-15,3.753650026175904,3.792977375770266,3.6885994045834214,3.7069027423858643,617012000.0
2019-01-16,3.734109792764373,3.767006026006623,3.675984700878606,3.6814260482788086,470104000.0
2019-01-17,3.6485306844730516,3.792483229582444,3.6213229974567955,3.7526612281799316,493436000.0
2019-01-18,3.8023768729747456,3.9074969458962348,3.7509298503794772,3.881525993347168,651336000.0
2019-01-22,3.851350737399705,3.862975759495493,3.6495202754554987,3.6796958446502686,661552000.0
2019-01-23,3.734852323382457,3.823400426503734,3.6613920018215467,3.692556858062744,591020000.0
2019-01-24,3.7769000665128636,3.9215944355252352,3.7722005707158295,3.9040334224700928,708972000.0
2019-01-25,3.844671836656973,3.979225378987472,3.74227268118326,3.961169481277466,1154572000.0
2019-01-28,3.377444067456263,3.5033406966245266,3.240169859925918,3.413555860519409,2511528000.0
2019-01-29,3.3675513408905506,3.4157830490334176,3.2404179429634667,3.2550110816955566,1153932000.0
2019-01-30,3.330943894703069,3.4125664706664187,3.2515473461054567,3.3982207775115967,974228000.0
2019-01-31,3.3950053487845215,3.5911469796792517,3.3732392490819145,3.555529832839966,842852000.0
2019-02-01,3.5740805833765674,3.6307217454259466,3.526591208758648,3.5797693729400635,625048000.0
2019-02-04,3.5955991333519037,3.7269373511870465,3.573585827707394,3.689836263656616,528592000.0
2019-02-05,3.7017086512924178,3.7454880591567816,3.668070324166557,3.7088816165924072,542424000.0
2019-02-06,3.742025362473618,3.848629607118048,3.7365840139771294,3.784320831298828,702464000.0
2019-02-07,3.7380677938201123,3.7402938213718713,3.6035142528418165,3.646304130554199,637120000.0
2019-02-08,3.5792745411478237,3.6754902556945326,3.5649288473641456,3.6648547649383545,461604000.0
2019-02-11,3.620828846668969,3.674996550984938,3.574081314426731,3.6223130226135254,495180000.0
2019-02-12,3.660650038347677,3.7546397285891064,3.646304108199021,3.7390570640563965,591060000.0
2019-02-13,3.7684907654912227,3.8543181972586034,3.754886923188531,3.7813525199890137,605372000.0
2019-02-14,3.7803637076114875,3.850361278446487,3.737326147698302,3.822164297103882,827264000.0
2019-02-15,4.030424790642507,4.0531799465823735,3.8689110205307045,3.8916664123535156,1516748000.0
2019-02-19,3.881031967375883,3.954739750833876,3.861986772108412,3.8743536472320557,551892000.0
2019-02-20,3.9035389607620914,3.9886243049191528,3.892408823077938,3.9215948581695557,540988000.0
2019-02-21,3.9342093622392773,3.9586959007466107,3.8382408509623858,3.8528339862823486,448548000.0
2019-02-22,3.9045288949113806,3.9562231237306023,3.8909250511661164,3.937425136566162,401740000.0
2019-02-25,4.020778471494383,4.088055115967229,3.916400271491458,3.9250574111938477,656020000.0
2019-02-26,3.9203581195346744,3.976257189293156,3.8523391479150044,3.885730266571045,488464000.0
2019-02-27,3.871385136775386,3.8978504999850783,3.7870416374298284,3.843930244445801,500256000.0
2019-02-28,3.8377399170082,3.8600236059193858,3.79713426228751,3.819417715072632,324944000.0
2019-03-01,3.8691848495966012,3.9157328559809574,3.810999841616156,3.8736417293548584,357188000.0
2019-03-04,3.912018998445061,3.93479784486016,3.825360256341027,3.881812334060669,409992000.0
2019-03-05,3.866213812451286,3.913504673162684,3.8119902897875693,3.8753750324249268,362924000.0
2019-03-06,3.866460804939046,3.8748789345805448,3.7619752660135357,3.7646987438201904,403524000.0
2019-03-07,3.7411777555157997,3.750834131965574,3.6495672080075923,3.695620059967041,450104000.0
2019-03-08,3.6064851586223226,3.7404347531295925,3.5851917822764676,3.729788064956665,422416000.0
2019-03-11,3.7533094740706834,4.012542344270088,3.706266081637575,3.9897637367248535,859728000.0
2019-03-12,4.017493763725384,4.070231563832342,3.9414817310682904,4.023931503295898,579576000.0
2019-03-13,4.061318396786696,4.204181249254392,4.053890344509894,4.174964904785156,768900000.0
2019-03-14,4.184127258205856,4.196011956175132,4.091526164801752,4.099201679229736,519384000.0
2019-03-15,4.142283608263641,4.247016866170139,4.138817277165164,4.20443058013916,661484000.0
2019-03-18,4.235874273040399,4.289602867842203,4.156148199585518,4.183136463165283,486992000.0
2019-03-19,4.277470670939343,4.394831471395088,4.260634409266724,4.35051155090332,854972000.0
2019-03-20,4.3794797665419605,4.432712966037835,4.2834123584561485,4.318076133728027,719148000.0
2019-03-21,4.341103778806309,4.580529035221039,4.336151742184459,4.554283618927002,824312000.0
2019-03-22,4.52704859076756,4.57557722980771,4.380966808806783,4.394832134246826,747644000.0
2019-03-25,4.354225351924067,4.4183524656052064,4.236617103821778,4.302725315093994,525212000.0
2019-03-26,4.4441028551164905,4.500059539757855,4.32302826643485,4.379232883453369,703508000.0
2019-03-27,4.404735669585235,4.451035744697865,4.300745269243785,4.370071887969971,474372000.0
2019-03-28,4.396069894129766,4.4542551465713105,4.33565655567904,4.388642311096191,480264000.0
2019-03-29,4.455245224668751,4.47010133445733,4.404983422748778,4.445836544036865,456896000.0
2019-04-01,4.537446956234204,4.543389305207008,4.465891780679068,4.513182640075684,483824000.0
2019-04-02,4.53719947856981,4.57532911810016,4.494365263005259,4.531009197235107,440920000.0
2019-04-03,4.580528702250554,4.729086484341547,4.575576665988681,4.670158386230469,783504000.0
2019-04-04,4.654806651779727,4.703583209838008,4.598602512706384,4.6612443923950195,457376000.0
2019-04-05,4.704326590039095,4.745180179212573,4.667930116677095,4.727848052978516,481744000.0
2019-04-08,4.69739320876047,4.773652946849277,4.673376356993114,4.748645782470703,424192000.0
2019-04-09,4.715220990409292,4.726362835470245,4.643913276469628,4.686004638671875,439972000.0
2019-04-10,4.685260711273513,4.7820704915548,4.680804068721881,4.756320476531982,444772000.0
2019-04-11,4.7587982565709135,4.790243170654756,4.693185422101398,4.742456912994385,374600000.0
2019-04-12,4.7810813189665256,4.78504304231926,4.69590828102607,4.704574108123779,471708000.0
2019-04-15,4.696898147959655,4.701850183617474,4.533484749268529,4.5731000900268555,440092000.0
2019-04-16,4.612220746124993,4.6788238817913825,4.579538064717605,4.660006523132324,394964000.0
2019-04-17,4.694915931062453,4.715713907072428,4.614942424082225,4.637226104736328,351004000.0
2019-04-18,4.6439136499988285,4.677834108167068,4.58498554927499,4.612716197967529,380988000.0
2019-04-22,4.5891951787742755,4.682043746684063,4.557750735792783,4.666445255279541,279936000.0
2019-04-23,4.6795672814140925,4.752113246455217,4.669911140835929,4.720915794372559,346856000.0
2019-04-24,4.731314342912897,4.773901097116765,4.670653554500126,4.733295440673828,318204000.0
2019-04-25,4.693184905223643,4.7154685960331095,4.548341387214284,4.627819538116455,499296000.0
2019-04-26,4.474309051800788,4.478766167098218,4.290840528627895,4.4094390869140625,868988000.0
2019-04-29,4.41736259516939,4.467872324386639,4.3453120284149875,4.440141677856445,391920000.0
2019-04-30,4.407954802043703,4.506993182607988,4.388889978719763,4.4814910888671875,362920000.0
2019-05-01,4.533732455985197,4.575823812477557,4.468119167414932,4.468367099761963,354280000.0
2019-05-02,4.478022409788027,4.577308198481457,4.4349407486340695,4.535712242126465,394684000.0
2019-05-03,4.544132163305182,4.554035763436946,4.469853037182209,4.531257152557373,336824000.0
2019-05-06,4.345311165735565,4.465147959739121,4.308171846898487,4.4530158042907715,422176000.0
2019-05-07,4.404734211002168,4.404734211002168,4.238101976595866,4.286135673522949,555220000.0
2019-05-08,4.258653132717726,4.386164973810182,4.246768436734894,4.306191444396973,419168000.0
2019-05-09,4.23736147233168,4.2470176146288425,4.0952413999958726,4.213839530944824,660248000.0
2019-05-10,4.1831357284892325,4.248501076052472,4.0605754656821444,4.179916858673096,569500000.0
2019-05-13,4.048197112847471,4.071223656609961,3.9073148442360175,3.923161029815674,656912000.0
2019-05-14,3.9627748713886772,4.047205504831226,3.9241500867988903,4.012046813964844,524880000.0
2019-05-15,3.9565854517668084,3.9875349633837307,3.897410142342941,3.951138496398926,502320000.0
2019-05-16,3.9456924990787705,4.0088295502210025,3.9033536714913817,3.966242790222168,781088000.0
2019-05-17,3.9243993186190456,4.0533968982091,3.8362550969017906,3.8756227493286133,1022068000.0
2019-05-20,3.77707872150093,3.8320450886560913,3.7325113457262473,3.7572710514068604,572064000.0
2019-05-21,3.8179333381350062,3.855072672860088,3.7793082977902874,3.839226484298706,361848000.0
2019-05-22,3.800600591263355,3.826598070897786,3.757518682528197,3.7684130668640137,325868000.0
2019-05-23,3.70626650873821,3.70626650873821,3.587915633723811,3.6475863456726074,591844000.0
2019-05-24,3.666403490211776,3.701562190682717,3.5871728021513483,3.593858003616333,357584000.0
2019-05-28,3.6114366203907027,3.6441192961905813,3.5468138851492856,3.548794746398926,428356000.0
2019-05-29,3.5012569849778905,3.536167989916481,3.440100802270634,3.474764347076416,559800000.0
2019-05-30,3.4779868948997428,3.5136814493654405,3.4100680734583735,3.4482414722442627,394300000.0
2019-05-31,3.3994093624652377,3.4665844859095674,3.356030530779458,3.3577656745910645,389720000.0
2019-06-03,3.368919825115276,3.407588942230268,3.2868721180272984,3.316121816635132,478644000.0
2019-06-04,3.380073986051971,3.5498710052064095,3.3580128434275585,3.544665575027466,641836000.0
2019-06-05,3.6182864353641984,3.62373984584108,3.46584104857377,3.5020313262939453,511616000.0
2019-06-06,3.506244674432135,3.5885403561906575,3.5037658304501402,3.564000368118286,408140000.0
2019-06-07,3.5699493411010246,3.6408424792417895,3.5508625269591887,3.606635332107544,348856000.0
2019-06-10,3.6626563346899035,3.747678846182901,3.6626563346899035,3.6792643070220947,402780000.0
2019-06-11,3.739002687057581,3.7766803600690517,3.69735924180774,3.736771821975708,383872000.0
2019-06-12,3.6933929368091096,3.6995900468198903,3.608866389264014,3.6239869594573975,358892000.0
2019-06-13,3.646048302277105,3.6933931379177904,3.6284488871211047,3.6750502586364746,308080000.0
2019-06-14,3.5820955420182883,3.6063875513942576,3.540699839937277,3.585317850112915,394428000.0
2019-06-17,3.583582468395753,3.6319189777669725,3.560777625103327,3.594985008239746,276040000.0
2019-06-18,3.656211078416756,3.8448467027624322,3.645304496180876,3.789569854736328,581920000.0
2019-06-19,3.824769050974875,3.8361713558137254,3.7694919612169655,3.7955193519592285,331644000.0
2019-06-20,3.8859955019712755,3.899876652621629,3.8054349487239656,3.8198118209838867,350168000.0
2019-06-21,3.8049387644565194,3.854018743770108,3.7553628271980513,3.761807680130005,434428000.0
2019-06-24,3.7831250635560445,3.81361418219415,3.7360279741490294,3.784116506576538,282948000.0
2019-06-25,3.7890742232735475,3.8639336089880127,3.75214025193033,3.7548668384552,311868000.0
2019-06-26,3.882028763883153,4.008694948974044,3.8691390588718604,3.947716474533081,584072000.0
2019-06-27,4.033233802497638,4.065210078949406,3.9972912820059228,4.046123504638672,445440000.0
2019-06-28,4.089998939652155,4.099170615066074,4.024311229187271,4.0709123611450195,397668000.0
2019-07-01,4.277645125023439,4.311852525903724,4.081572872233405,4.119002819061279,709756000.0
2019-07-02,4.102392817475487,4.123462755505762,4.008199107527468,4.021336555480957,400228000.0
2019-07-03,4.04463680121385,4.050338189355726,3.9744873640486977,4.034225940704346,246636000.0
2019-07-05,3.9759752144020695,3.9804369447260943,3.908551883224979,3.9717612266540527,396552000.0
2019-07-08,3.912270157498809,3.931108994720168,3.8669084444589887,3.8969016075134277,329788000.0
2019-07-09,3.8547626680172926,3.927391202558349,3.8421209396168536,3.899380922317505,342860000.0
2019-07-10,3.942759447031385,4.024807158528224,3.9288782974941214,3.9675474166870117,452076000.0
2019-07-11,4.0404239269596784,4.162380430510887,4.003242204498823,4.121728420257568,682560000.0
2019-07-12,4.149490556221436,4.225589614779402,4.149490556221436,4.154695987701416,506392000.0
2019-07-15,4.175764847460104,4.191876622939585,4.118009158135677,4.146266937255859,289840000.0
2019-07-16,4.131396002200543,4.168577728434164,4.086034040888224,4.14155912399292,341444000.0
2019-07-17,4.143293304914357,4.213690967589586,4.114043605126142,4.206750392913818,348204000.0
2019-07-18,4.217160815944709,4.281113382454656,4.1606443085040645,4.218400001525879,442192000.0
2019-07-19,4.256574086615086,4.263018703350953,4.169320472162421,4.175269603729248,344896000.0
2019-07-22,4.196588319411822,4.2595494651444925,4.189151784923847,4.246659755706787,315940000.0
2019-07-23,4.285824199703994,4.356221396581559,4.270207432340897,4.354238510131836,428176000.0
2019-07-24,4.397368680660208,4.434302653600209,4.321517848638418,4.428601264953613,366236000.0
2019-07-25,4.38720513851172,4.399847100226015,4.274420344431656,4.297720909118652,392700000.0
2019-07-26,4.324739418846175,4.38621313051203,4.324739418846175,4.339612007141113,274160000.0
2019-07-29,4.332425018793409,4.349528713326907,4.245419617794768,4.33341646194458,248160000.0
2019-07-30,4.287062248565768,4.361177928869398,4.272685143640128,4.349031925201416,197772000.0
2019-07-31,4.317551148872514,4.318543064630112,4.140070092511964,4.182209491729736,359416000.0
2019-08-01,4.192621578676747,4.282849534099801,4.035962197152709,4.088016986846924,421212000.0
2019-08-02,3.9955573081970215,4.064715783488476,3.948212708718133,3.9955573081970215,428348000.0
2019-08-05,3.8123745688753186,3.8136139907865134,3.690914058324892,3.7377631664276123,589156000.0
2019-08-06,3.8123755262922074,3.857737244935138,3.7288404069427274,3.776432991027832,361272000.0
2019-08-07,3.7157027559690916,3.826504692479021,3.6983513174803138,3.8146064281463623,372560000.0
2019-08-08,3.8721141603502467,3.9241687091173865,3.814854180345954,3.922929286956787,309300000.0
2019-08-09,3.882029294106203,3.885499581591262,3.7714753433773147,3.8217947483062744,341816000.0
2019-08-12,3.7697397411088653,3.8217942834487886,3.7323100475044235,3.7541234493255615,279200000.0
2019-08-13,3.752636217495231,3.914005282382582,3.7137193575650134,3.868147611618042,351956000.0
2019-08-14,3.7801508866940603,3.7913054492057885,3.676289773160059,3.719916343688965,419880000.0
2019-08-15,3.738755753154763,3.758586037009229,3.65348548530143,3.687692642211914,477200000.0
2019-08-16,3.949947796045755,4.004232969258714,3.8887215756327413,3.955153226852417,1007960000.0
2019-08-19,4.068186623792393,4.2491380163327985,4.052074371012667,4.233273506164551,815112000.0
2019-08-20,4.227820082206071,4.228316040190973,4.14007097821964,4.1611409187316895,463188000.0
2019-08-21,4.227075769043297,4.299456311294305,4.205510346462788,4.24442720413208,427244000.0
2019-08-22,4.2540935121023296,4.296480643583296,4.2114581653466105,4.2506232261657715,303488000.0
2019-08-23,4.1742795675005215,4.228564997651903,4.006713329605903,4.026543617248535,568056000.0
2019-08-26,4.1051200958053276,4.129164364303277,4.062980690288697,4.10115385055542,318208000.0
2019-08-27,4.139328124982975,4.142054712480044,3.981429537678718,4.010679244995117,290968000.0
2019-08-28,3.984377275928954,4.052859302388664,3.94517343006626,4.0002570152282715,255612000.0
2019-08-29,4.091566632451565,4.1759288700905,4.0880929099579335,4.143672943115234,357976000.0
2019-08-30,4.189824543304017,4.239449565283456,4.1382146718883694,4.156327724456787,290616000.0
2019-09-03,4.083628039715847,4.11662841372322,4.050627665708474,4.073454856872559,296140000.0
2019-09-04,4.133996389171437,4.194787015628675,4.133996389171437,4.187343120574951,227728000.0
2019-09-05,4.289321283348777,4.465985607967333,4.287584422300351,4.459782600402832,695676000.0
2019-09-06,4.4364590608238235,4.493279507064552,4.394774390362867,4.432737350463867,376976000.0
2019-09-09,4.463753715638196,4.564988610694491,4.4622648419069675,4.478641033172607,417524000.0
2019-09-10,4.445887387995308,4.571686297593129,4.436210658009127,4.545137405395508,352812000.0
2019-09-11,4.559777403712635,4.621808437111051,4.530746736211372,4.573672294616699,361512000.0
2019-09-12,4.620069838310614,4.674656956799701,4.564241834595043,4.572181701660156,327840000.0
2019-09-13,4.505686610745012,4.54265715133636,4.470700919514769,4.514370918273926,324592000.0
2019-09-16,4.4394371416410685,4.505934323774935,4.429015973241978,4.471445083618164,231832000.0
2019-09-17,4.478144219521308,4.497001705724106,4.431744940740635,4.492783546447754,223048000.0
2019-09-18,4.485836670893654,4.501468424353486,4.3793911974396655,4.465738296508789,258152000.0
2019-09-19,4.471693845847778,4.490055360905291,4.379639702455024,4.3903093338012695,245476000.0
2019-09-20,4.389315980085497,4.412887601997053,4.274682658844729,4.284855365753174,350244000.0
2019-09-23,4.285103736213856,4.383608854453236,4.281381552536594,4.338201999664307,249712000.0
2019-09-24,4.369465124848046,4.398991761132083,4.245403086988729,4.280884742736816,317268000.0
2019-09-25,4.2803884946278545,4.441917517803333,4.235726083182854,4.42231559753418,308432000.0
2019-09-26,4.412639281386251,4.421323587396591,4.349367368157565,4.400232791900635,234564000.0
2019-09-27,4.358547547226562,4.409164976470412,4.201236688798003,4.261779308319092,362056000.0
2019-09-30,4.287584127080288,4.329268789372331,4.256320157102148,4.319095611572266,186184000.0
2019-10-01,4.342171473715146,4.491046018894349,4.3126448364203664,4.31735897064209,366008000.0
2019-10-02,4.295523895897131,4.307433934350846,4.2213348532172725,4.293539047241211,293372000.0
2019-10-03,4.29800588359513,4.504941296869655,4.267734807064955,4.4987382888793945,450588000.0
2019-10-04,4.500971432868056,4.5443934382819275,4.4359631285480425,4.515114784240723,265524000.0
2019-10-07,4.5798753033046955,4.673169841237255,4.571190996489656,4.573672294616699,480984000.0
2019-10-08,4.482115054814931,4.482115054814931,4.3793917524468515,4.397504806518555,444436000.0
2019-10-09,4.474173748849353,4.533227501509764,4.445391545825268,4.483850479125977,292412000.0
2019-10-10,4.481617970914038,4.59228111758249,4.476407387055457,4.541415691375732,309124000.0
2019-10-11,4.625280268072229,4.697980427748868,4.606422788626889,4.614859104156494,446404000.0
2019-10-14,4.606176435689826,4.649101996183618,4.5751609174816155,4.628259658813477,200040000.0
2019-10-15,4.718328018520987,4.944865345798221,4.704432656393893,4.87241268157959,664124000.0
2019-10-16,4.8384214502037235,4.94313007246199,4.807405928087032,4.818819522857666,428944000.0
2019-10-17,4.8632346727046345,4.9081450947104726,4.766465907753534,4.820805549621582,263436000.0
2019-10-18,4.821300624617464,4.853805019195491,4.652328127600214,4.726517200469971,307440000.0
2019-10-21,4.787803578592873,4.876880437999623,4.768946089803577,4.863481521606445,261868000.0
2019-10-22,4.920300838221016,5.0252574148366165,4.845863798218304,4.853555679321289,328720000.0
2019-10-23,4.771675887794921,4.854797253245495,4.739915931328009,4.840654373168945,279916000.0
2019-10-24,4.8818427463901735,4.918068851684468,4.847849951665782,4.884572505950928,232020000.0
2019-10-25,4.964964234557789,5.0959737537874785,4.95727235193186,5.075131416320801,423092000.0
2019-10-28,5.1188014829040185,5.183313824702207,5.0895228229055824,5.130959987640381,330792000.0
2019-10-29,5.117064417188749,5.1235158877409255,5.015582009257789,5.034935474395752,211236000.0
2019-10-30,5.061730663629225,5.067437694880544,4.968932130095458,5.0369181632995605,205960000.0
2019-10-31,5.016076812063298,5.036919146033415,4.908142958818643,4.987790584564209,209732000.0
2019-11-01,4.952556278001397,5.059001717512267,4.9274957882342845,5.026745796203613,283640000.0
2019-11-04,5.107634695669968,5.235418937100487,5.0845595239398795,5.223012447357178,376716000.0
2019-11-05,5.222764400863678,5.248817319143139,5.153041491044939,5.200929641723633,300868000.0
2019-11-06,5.176862082382492,5.202418554291357,5.064461594469839,5.151801586151123,269012000.0
2019-11-07,5.238147862634401,5.252787188243311,5.124754967800568,5.169417381286621,280340000.0
2019-11-08,5.152546026326252,5.187035266304387,5.115079039244236,5.155523300170898,189100000.0
2019-11-11,5.154779035818744,5.18852384014965,5.068679926912906,5.1654486656188965,243436000.0
2019-11-12,5.20365892745874,5.256757661793327,5.168673242012615,5.200929641723633,283504000.0
2019-11-13,5.169664647905079,5.197206434162051,5.108874517231011,5.175123691558838,300188000.0
2019-11-14,5.184057390287869,5.207629485656896,5.124259667709916,5.2053961753845215,518080000.0
2019-11-15,5.20316285160327,5.254772716233634,4.978362355062665,5.066446781158447,1053628000.0
2019-11-18,5.059003158109409,5.2937283863706925,5.056025884186897,5.267179489135742,574588000.0
2019-11-19,5.236162195523095,5.259733810842297,5.10267142478321,5.160732269287109,414564000.0
2019-11-20,5.137906020437459,5.3235026501880895,5.125251543434289,5.239884853363037,472588000.0
2019-11-21,5.23541851257245,5.290998067686238,5.1934853851809555,5.215072154998779,288388000.0
2019-11-22,5.237653412184548,5.284052704492797,5.209119186738909,5.232691287994385,224100000.0
2019-11-25,5.360472643456192,5.493715437128339,5.34757017994659,5.488752841949463,506476000.0
2019-11-26,5.4711371035358365,5.475851712081747,5.377842563094921,5.384294033050537,385244000.0
2019-11-27,5.42973391735485,5.46399996004786,5.392736101303444,5.419056415557861,215784000.0
2019-11-29,5.388265940558016,5.4165725647475265,5.357972055708968,5.381809711456299,141556000.0
2019-12-02,5.374857125280522,5.388265925001773,5.18068101535842,5.195827484130859,372036000.0
2019-12-03,5.012578685454581,5.160321333465781,4.975332691476216,5.156348705291748,465232000.0
2019-12-04,5.239778035168698,5.262125719687644,5.171493654075639,5.200048923492432,273424000.0
2019-12-05,5.221900073212716,5.237543357075451,5.1526220643241505,5.183164119720459,184884000.0
2019-12-06,5.2521933332697985,5.301109970488234,5.242260819199555,5.2683329582214355,232236000.0
2019-12-09,5.245488933633219,5.3229608383910945,5.236798220625925,5.2683329582214355,211880000.0
2019-12-10,5.298379423689103,5.36492614669927,5.245738318316837,5.3132781982421875,256388000.0
2019-12-11,5.3237060196867665,5.402171084009661,5.321222891078075,5.396708011627197,233796000.0
2019-12-12,5.367904674619111,5.581945344521159,5.358965790344056,5.56381893157959,404348000.0
2019-12-13,5.566799639646705,5.6857388190319105,5.5079504769970145,5.561833381652832,454704000.0
2019-12-16,5.609260438974921,5.662894702865185,5.5812015056423645,5.59063720703125,320976000.0
2019-12-17,5.609259353915085,5.691200706121203,5.599823654351449,5.668604850769043,321196000.0
2019-12-18,5.703367280451248,5.759236487706067,5.694924738269037,5.698897838592529,343548000.0
2019-12-19,5.733414073944906,5.8600508201841,5.7284478155962795,5.846642017364502,445360000.0
2019-12-20,5.912939646392922,5.969057035341422,5.893820074180725,5.943729877471924,603044000.0
2019-12-23,5.972285029087965,6.00431658720451,5.919395756254453,5.930072784423828,355060000.0
2019-12-24,5.914677668064655,5.942239783537777,5.880411151831388,5.925106525421143,138864000.0
2019-12-26,5.928581552767337,5.967317503415552,5.909710155763721,5.939259052276611,182852000.0
2019-12-27,5.95440666121821,5.9678154624624895,5.855332044762571,5.88165283203125,254644000.0
2019-12-30,5.859800860524553,5.86501528811626,5.7373854238906725,5.768671989440918,258056000.0
2019-12-31,5.733412765788655,5.852103755754159,5.714293196478144,5.842668056488037,231004000.0
2020-01-02,5.928333194899299,5.957136631011963,5.877927063300062,5.957136631011963,237536000.0
2020-01-03,5.8377029185507645,5.90549096907539,5.812872101320706,5.861788749694824,205384000.0
2020-01-06,5.7686732819433395,5.89158508763454,5.742601138143197,5.886370658874512,262636000.0
2020-01-07,5.914676274753172,6.003322015009585,5.869732740939853,5.9576334953308105,314856000.0
2020-01-08,5.953412109159959,6.0100262977547665,5.913434832818649,5.968807220458984,277108000.0
2020-01-09,6.054969947829537,6.106617880822172,5.980726162554703,6.034360408782959,255112000.0
2020-01-10,6.141380980474923,6.1716743897886515,6.052487065850214,6.066640377044678,316296000.0
2020-01-13,6.149576480886754,6.281923983662668,6.126980149927382,6.256844997406006,319840000.0
2020-01-14,6.214134722815993,6.239462348536251,6.1269789517854685,6.140139579772949,359088000.0
2020-01-15,6.152804323990373,6.17515201126615,6.07185611872183,6.09768009185791,263104000.0
2020-01-16,6.151065142101568,6.187069795920927,6.127724301895055,6.181110382080078,284192000.0
2020-01-17,6.200230072148521,6.207679457997126,6.1423745488552575,6.189801216125488,253792000.0
2020-01-21,6.153301311440246,6.190050958426522,6.122511079468189,6.156529426574707,217916000.0
2020-01-22,6.201720357984873,6.2968218681187,6.182848958433113,6.210411071777344,239240000.0
2020-01-23,6.250389431731005,6.2871386039958095,6.161743668888831,6.278696060180664,244516000.0
2020-01-24,6.393910339538206,6.443571968511958,6.165467698754059,6.219598770141602,373512000.0
2020-01-27,5.915670782034059,6.015242215037423,5.766438191541949,5.964339256286621,470536000.0
2020-01-28,6.030141161151841,6.189554455199545,5.977003238599784,6.1572747230529785,310976000.0
2020-01-29,6.142870530853688,6.178875180492705,6.057204262843044,6.096933841705322,258848000.0
2020-01-30,5.9993496142246245,6.117047448911372,5.944474034228208,6.103638648986816,290504000.0
2020-01-31,6.057949143535364,6.069867969626334,5.829010214003755,5.870725631713867,370420000.0
2020-02-03,5.852599491380816,5.9869337514197865,5.846391907308291,5.967566013336182,255564000.0
2020-02-04,6.109101537748103,6.155535047308561,6.059191742920374,6.136415004730225,271544000.0
2020-02-05,6.257093118185327,6.267273804534784,6.143368372698854,6.226551532745361,208220000.0
2020-02-06,6.260817558047638,6.3132100105285645,6.179869362419789,6.3132100105285645,218284000.0
2020-02-07,6.273232096107117,6.295331607709039,6.2218323319492725,6.247159957885742,189752000.0
2020-02-10,6.269757213066146,6.530479600799783,6.264790955072942,6.529735088348389,529608000.0
2020-02-11,6.637746980573556,6.766370000222853,6.575918362337463,6.651900291442871,638556000.0
2020-02-12,6.70454318700568,6.773821209071166,6.665807226145709,6.767364978790283,374644000.0
2020-02-13,6.709507635030911,6.7907039916332455,6.682193696334617,6.723660945892334,528016000.0
2020-02-14,7.132872187223781,7.3243170050003235,7.101585618170038,7.1956939697265625,1041924000.0
2020-02-18,7.0926467000611995,7.382421632395123,7.073278958095728,7.364046573638916,620164000.0
2020-02-19,7.486213974968702,7.831857654033963,7.486213974968702,7.81422758102417,694332000.0
2020-02-20,7.766302623266288,7.854451545428486,7.358582244912764,7.665241718292236,810052000.0
2020-02-21,7.553257651855542,7.578336639966872,7.217297816442467,7.301970481872559,768180000.0
2020-02-24,6.709011544937188,6.999034626035026,6.654632306032912,6.785738468170166,856916000.0
2020-02-25,6.860726366798093,6.922554983733704,6.405331143257827,6.5068888664245605,1055496000.0
2020-02-26,6.507138012452967,6.839621511425255,6.505648514112078,6.645941734313965,747732000.0
2020-02-27,6.333136140736128,6.633767803366144,6.183814297198913,6.275991439819336,906416000.0
2020-02-28,6.024057286664083,6.769424425321909,6.007410894172658,6.710043430328369,1133252000.0
2020-03-02,6.87973918151174,6.896882687253615,6.4846945394968625,6.868061542510986,890744000.0
2020-03-03,6.923714628259005,6.983343935019494,6.520967896060199,6.6061882972717285,652792000.0
2020-03-04,6.7132732703781945,7.078254667313152,6.6387362744594425,7.068813323974609,597408000.0
2020-03-05,6.8697998032135255,7.03626513615308,6.7455719569568915,6.790045738220215,540328000.0
2020-03-06,6.6109104379638275,6.668303938946586,6.41015805499431,6.609916687011719,515412000.0
2020-03-09,5.960453109775377,6.444941989409287,5.917718976759138,6.098097801208496,614160000.0
2020-03-10,6.373882922902069,6.486681938171387,6.111762534362907,6.486681938171387,580648000.0
2020-03-11,6.347050458285673,6.375374493338396,6.0267911071692835,6.123688697814941,499964000.0
2020-03-12,5.601682018569501,5.866535787380021,5.361673914199751,5.374345302581787,816540000.0
2020-03-13,5.726903790319086,5.988279202422606,5.456335828036192,5.98380708694458,634836000.0
2020-03-16,5.277447705392959,5.617583927857783,4.820040827756893,4.879670143127441,726972000.0
2020-03-17,4.991724583367149,5.487394033851727,4.7455051181713985,5.398198127746582,833632000.0
2020-03-18,4.971598580707773,5.2160788021116335,4.489097754797849,5.039178371429443,874268000.0
2020-03-19,5.017811170475434,5.384780539879821,4.804885019488233,5.291361331939697,765512000.0
2020-03-20,5.44118067542152,5.722432568837711,5.096572776070153,5.1119771003723145,804636000.0
2020-03-23,5.11098266460325,5.378569879183568,4.932343026928404,5.284404754638672,643876000.0
2020-03-24,5.689635972329596,6.277482494566809,5.666032849202426,6.191019535064697,1101644000.0
2020-03-25,6.305806578905943,6.505068097115809,6.053872469466768,6.102570056915283,793432000.0
2020-03-26,6.309284089634278,6.51500567196271,6.211392763360578,6.391274929046631,696108000.0
2020-03-27,6.211392473893671,6.537366419164007,6.178596329213779,6.279221057891846,638828000.0
2020-03-30,6.344564958091358,6.607928356954407,6.300588285202859,6.598735332489014,602252000.0
2020-03-31,6.638735812991768,6.842469875227869,6.403945263646195,6.549292087554932,949960000.0
2020-04-01,6.351770314533199,6.497862107975411,5.994739393513251,6.039212703704834,656912000.0
2020-04-02,6.0682825701850485,6.36046665043996,6.020330892045501,6.347298622131348,675764000.0
2020-04-03,6.309781168533182,6.351273226478855,5.922935826420933,6.060083389282227,663212000.0
2020-04-06,6.341583727049638,6.705323069101554,6.284190233065796,6.668551445007324,727884000.0
2020-04-07,6.889677100662203,6.913280697691347,6.39276565353662,6.43574857711792,784520000.0
2020-04-08,6.544571154388917,6.65737015384119,6.474755072203678,6.632524490356445,542444000.0
2020-04-09,6.75799464965004,6.7808523370383575,6.470282738688477,6.53314208984375,525564000.0
2020-04-13,6.4735149424510565,6.713274790237523,6.385313260842416,6.704578876495361,398408000.0
2020-04-14,6.832532651631695,7.088938865506866,6.804954050127847,7.054900646209717,530948000.0
2020-04-15,6.8871921794394515,7.060365936147796,6.841973436906401,6.977630138397217,366148000.0
2020-04-16,7.132666967595268,7.4288260502279275,7.119498939335271,7.321990013122559,745620000.0
2020-04-17,7.4039804904478155,7.425347792957144,7.129188706028905,7.262857913970947,539120000.0
2020-04-20,7.13664267731135,7.292175829064376,7.087696772999364,7.131921768188477,449388000.0
2020-04-21,7.0141542727746815,7.075273983417711,6.636501431378573,6.696130752563477,735160000.0
2020-04-22,6.88793839640193,7.152295573797261,6.8424713294529536,7.109560966491699,483356000.0
2020-04-23,7.151549634129626,7.283230864116009,7.031296775991979,7.056390762329102,424160000.0
2020-04-24,7.04620405491623,7.197016283498686,6.971667057923223,7.195028781890869,352328000.0
2020-04-27,7.32919543452104,7.540631210935533,7.30459808693572,7.381122589111328,479388000.0
2020-04-28,7.528207409397369,7.558022301469902,7.233539222714368,7.239005088806152,442904000.0
2020-04-29,7.373421341248337,7.468083111373508,7.298387692997143,7.41541051864624,379160000.0
2020-04-30,7.36149276759667,7.4154078853134235,7.247948821513604,7.261862277984619,375916000.0
2020-05-01,7.064837711480267,7.177885036259341,6.977629802301647,7.025830268859863,342096000.0
2020-05-04,6.978624046997186,7.250931680845557,6.978624046997186,7.237266540527344,317556000.0
2020-05-05,7.3411205831014055,7.460379202042256,7.237265811479823,7.298137664794922,368896000.0
2020-05-06,7.377396350477383,7.50336340077888,7.339630972534059,7.398763179779053,323464000.0
2020-05-07,7.537649417392085,7.6377770415196595,7.486467694868089,7.574669361114502,373732000.0
2020-05-08,7.646223718087887,7.770451562326168,7.612433824068867,7.764240264892578,339216000.0
2020-05-11,7.759270817320762,8.062387051955826,7.730698470823319,8.015677452087402,469060000.0
2020-05-12,8.073321222076338,8.122018338042395,7.74461426763021,7.754303932189941,493060000.0
2020-05-13,7.868592632588932,8.02859789180375,7.547836208662022,7.731942176818848,625852000.0
2020-05-14,7.79331117418389,7.986361386192228,7.640013841815122,7.980895519256592,602312000.0
2020-05-15,7.841014174290787,8.447991229472853,7.825361531965535,8.438302040100098,987660000.0
2020-05-18,8.706386193673236,8.861422715441426,8.626880430887004,8.696199417114258,774460000.0
2020-05-19,8.735952164581962,9.031365836913162,8.70862188133378,8.751108169555664,717320000.0
2020-05-20,8.935459111696986,8.987137932047638,8.833840652951878,8.914588928222656,587536000.0
2020-05-21,8.995585042419636,8.996578319036958,8.683524635851711,8.721041679382324,761068000.0
2020-05-22,8.770733780605472,9.03683055382397,8.659426119365394,8.970492362976074,1038764000.0
2020-05-26,9.100186813930394,9.125032953045377,8.61843140772294,8.663898468017578,770780000.0
2020-05-27,8.571722899357706,8.579424587408813,7.9473535129374895,8.472589492797852,1175892000.0
2020-05-28,8.360284982055731,8.706384140840894,8.327488838944653,8.434574127197266,734896000.0
2020-05-29,8.50165488848995,8.820672035217285,8.432584249513795,8.820672035217285,745256000.0
2020-06-01,8.778684720302685,8.786138087525295,8.63582251257563,8.751851081848145,389876000.0
2020-06-02,8.741915542097436,8.78266169957155,8.604519169266093,8.770735740661621,391320000.0
2020-06-03,8.76775582766167,8.811483716127622,8.64626040545039,8.715331077575684,365440000.0
2020-06-04,8.678044382274448,8.892062399305495,8.627833505931573,8.716324806213379,424280000.0
2020-06-05,8.744162772614692,8.945503105070232,8.658157710663906,8.86894416809082,481748000.0
2020-06-08,8.82644215114005,8.838870419678996,8.636038460046933,8.754606246948242,387736000.0
2020-06-09,8.749632267006549,9.057608978908226,8.701161369707968,8.994223594665527,468488000.0
2020-06-10,9.115277601014839,9.44562557035412,9.10110841167236,9.313138008117676,632180000.0
2020-06-11,9.097627526364212,9.208240685971829,8.735711592301131,8.745903015136719,583652000.0
2020-06-12,9.110057459617575,9.134665556600186,8.653435597146515,8.881373405456543,570908000.0
2020-06-15,8.76479584104821,9.129694925278905,8.693704301366452,9.121243476867676,400004000.0
2020-06-16,9.172200921487875,9.213711919077781,8.788161137420968,9.016595840454102,535716000.0
2020-06-17,9.061587043912771,9.245776080449938,9.0183351251666,9.183136940002441,408304000.0
2020-06-18,9.174189555536868,9.229371931959877,9.062333258974562,9.165241241455078,254408000.0
2020-06-19,9.18959858782948,9.390938922555518,9.174435670130153,9.208240509033203,524160000.0
2020-06-22,9.246772592444106,9.476698867117852,9.220175131984616,9.472224235534668,398468000.0
2020-06-23,9.496334887853113,9.58731147203892,9.353656826229907,9.395913124084473,375108000.0
2020-06-24,9.422009526009353,9.501800926783156,9.092158480480832,9.182638168334961,449372000.0
2020-06-25,9.302200068122893,9.450595828120123,9.129693078827199,9.435681343078613,376072000.0
2020-06-26,9.445627697411371,9.445627697411371,9.072773972513554,9.102602005004883,592084000.0
2020-06-29,9.117265272317514,9.151816358411867,8.849058649941636,9.14734172821045,342248000.0
2020-06-30,9.260691434297515,9.471726378322368,9.213463641985124,9.443389892578125,367892000.0
2020-07-01,9.466257584270018,9.520943092607503,9.359124357158036,9.475454330444336,326648000.0
2020-07-02,9.583828405036837,9.681764862843078,9.523426117204961,9.557231903076172,364056000.0
2020-07-06,9.685991442309067,9.85203541147055,9.656908714808086,9.782933235168457,315892000.0
2020-07-07,9.889323129713429,10.012364587676132,9.794369726464941,9.8152494430542,357800000.0
2020-07-08,9.93654906253505,10.166476230955992,9.908461013084509,10.157526969909668,365480000.0
2020-07-09,10.320835811494605,10.509499445424936,10.174925327215476,10.448848724365234,494548000.0
2020-07-10,10.528145636030475,10.594264737914497,10.31934752397019,10.419272422790527,497676000.0
2020-07-13,10.534359608582058,10.73048006085884,9.967621368178744,9.994715690612793,457076000.0
2020-07-14,10.017336308329005,10.343210660757604,9.729493004569647,10.317607879638672,542676000.0
2020-07-15,10.354641590213266,10.373283510935622,9.998193084193694,10.16871166229248,403984000.0
2020-07-16,9.957678504058652,10.148330579277705,9.838862314759108,10.076743125915527,344964000.0
2020-07-17,10.166974986746677,10.189843112280766,10.030013717920978,10.143112182617188,266284000.0
2020-07-20,10.215443053252137,10.47097202569656,10.098615287459245,10.450589179992676,284852000.0
2020-07-21,10.452828136180505,10.499560010526949,10.227873386769945,10.269384384155273,277036000.0
2020-07-22,10.308159471542753,10.54181405224988,10.23259426307041,10.37900161743164,367292000.0
2020-07-23,10.390189182924372,10.486634124309322,9.973836090293624,10.071772575378418,411660000.0
2020-07-24,9.81847724465439,10.305423911151712,9.721038604140965,10.136148452758789,473292000.0
2020-07-27,10.173685827717728,10.38198611518215,10.159268204168063,10.361852645874023,292132000.0
2020-07-28,10.31487297834555,10.32257818094102,10.150817400317544,10.157031059265137,271636000.0
2020-07-29,10.331277485949975,10.456058901678837,10.287778082878747,10.405599594116211,284508000.0
2020-07-30,10.315616063796083,10.562196717208867,10.236322472403026,10.553248405456543,308880000.0
2020-07-31,10.502789580184212,10.704877134724839,10.373285104214844,10.553995132446289,386080000.0
2020-08-03,10.671071020858617,11.03522477261038,10.653919693105369,10.94723129272461,412720000.0
2020-08-04,10.986752340660678,11.163484573364258,10.843576512922905,11.163484573364258,310336000.0
2020-08-05,11.179643221178804,11.306661465559195,11.102338033544148,11.222147941589355,249924000.0
2020-08-06,11.284790497851256,11.292993515023817,11.114769668219672,11.270622253417969,244316000.0
2020-08-07,11.247753943512881,11.438903868594657,10.974328260084071,11.135400772094727,342516000.0
2020-08-10,11.269378890384155,11.342954759845608,10.79436251780805,11.101097106933594,427796000.0
2020-08-11,11.010368494518175,11.073008586632106,10.733959759991317,10.7878999710083,354512000.0
2020-08-12,10.927842871271675,11.40136666941188,10.895528625086735,11.374770164489746,464412000.0
2020-08-13,11.479912579388516,11.654657350445577,11.290752085363163,11.37750244140625,374460000.0
2020-08-14,11.464004577753204,11.63775467378837,11.375017379271375,11.497810363769531,366436000.0
2020-08-17,11.783416144782285,12.338719720568694,11.749611305924368,12.266386032104492,621300000.0
2020-08-18,12.378740485765862,12.424477676202287,12.01707295308066,12.190573692321777,503448000.0
2020-08-19,12.226119746907969,12.244513237961666,12.028755255290813,12.069024085998535,622624000.0
2020-08-20,11.906461947059135,12.304172183815249,11.810762299072946,12.071511268615723,921388000.0
2020-08-21,12.131910646894115,12.735436709967265,12.125447608200558,12.6109037399292,999868000.0
2020-08-24,12.810012616094786,12.838598488926717,12.435915735782864,12.647448539733887,490564000.0
2020-08-25,12.558457077831811,12.688209996319047,12.50178316041745,12.677024841308594,289076000.0
2020-08-26,12.7259907297815,12.794844470546327,12.605186142774583,12.699891090393066,321244000.0
2020-08-27,12.708341816441752,12.776450255737013,12.494572269907243,12.55596923828125,317604000.0
2020-08-28,12.6024516518253,13.072743893029559,12.570137408216738,13.072495460510254,537160000.0
2020-08-31,13.107297710621298,13.497302711489002,12.963128117456806,13.297950744628906,500840000.0
2020-09-01,13.406856687261872,13.917819141256148,13.363592772595911,13.746006965637207,511316000.0
2020-09-02,14.623964634932472,14.646840546330916,13.824575879843783,14.268653869628906,874012000.0
2020-09-03,13.75371449896683,13.809161891775185,12.808869413540275,12.944877624511719,945128000.0
2020-09-04,12.714382677983597,13.1035102928297,11.64123800223023,12.554008483886719,1463684000.0
2020-09-08,11.670826550949025,12.481901768077714,11.64074109472669,11.848358154296875,795728000.0
2020-09-09,12.332714361952345,12.739743935097291,12.165377241772093,12.646005630493164,736200000.0
2020-09-10,12.918769110397905,12.994356938663318,12.100980363374202,12.244945526123047,698684000.0
2020-09-11,12.417752852588826,12.583846512984273,11.831202602456209,12.098494529724121,636928000.0
2020-09-14,13.010022440993444,13.242752006584764,12.562712850650161,12.802404403686523,1201744000.0
2020-09-15,13.207939772230896,13.226588220643817,12.758144242528516,12.92050838470459,727556000.0
2020-09-16,12.886941792074117,13.021706504588948,12.445848717637983,12.44659423828125,556384000.0
2020-09-17,12.066416529304739,12.521434449484204,11.969445745922071,12.395869255065918,792512000.0
2020-09-18,12.525416935450114,12.56395637634697,11.923700090803646,12.123111724853516,698460000.0
2020-09-21,11.860292243862816,12.454549912007502,11.83990329972909,12.449328422546387,721044000.0
2020-09-22,12.50676444797782,12.57936828464074,12.089541368263983,12.569173812866211,646452000.0
2020-09-23,12.507264838221865,12.657943496885007,12.013708288878673,12.057966232299805,647012000.0
2020-09-24,12.006745263131892,12.50129674587653,11.948810907879453,12.280998229980469,731240000.0
2020-09-25,12.379960225173095,12.81359436481939,12.179305115812923,12.8038969039917,588016000.0
2020-09-28,12.969490173812693,12.980928128577803,12.680815317290046,12.964268684387207,573808000.0
2020-09-29,12.867297276741818,13.369805617191266,12.86307076343371,13.153983116149902,621460000.0
2020-09-30,13.086107461833182,13.548584516215799,13.078896967384146,13.457083702087402,689184000.0
2020-10-01,13.68334531688609,13.688068843858796,13.387707541359429,13.540623664855957,525004000.0
2020-10-02,13.153239241621401,13.446140634224474,12.98018265968585,12.991372108459473,552496000.0
2020-10-05,13.164176902436592,13.57021145119589,13.15099845251599,13.56847095489502,479820000.0
2020-10-06,13.754958174616215,14.065265531960174,13.590853504578481,13.661965370178223,784420000.0
2020-10-07,13.923785773213117,14.042637510880455,13.788274589231673,13.888229370117188,418084000.0
2020-10-08,13.998624575917278,14.008073526833186,13.683345275922655,13.763656616210938,378900000.0
2020-10-09,13.692300621387265,13.749240006341982,13.586627322305294,13.68807315826416,346892000.0
2020-10-12,13.913591020870141,14.269151250700197,13.837009167737346,14.148807525634766,434744000.0
2020-10-13,14.218925925974037,14.27064381415561,13.94268301085505,14.170937538146973,344604000.0
2020-10-14,14.212958430202395,14.264924826969352,13.884252095509092,14.018768310546875,276100000.0
2020-10-15,13.73581225732956,13.929753875044918,13.693045357210385,13.894198417663574,267224000.0
2020-10-16,13.960585020449875,14.04487533293222,13.717660049634887,13.736557006835938,242392000.0
2020-10-19,13.82756165113079,13.907624505901477,13.334004171483173,13.424510955810547,298068000.0
2020-10-20,13.509794959370556,13.724871990223454,13.43371011402251,13.57145881652832,229212000.0
2020-10-21,13.551068882438022,13.716665521672029,13.404369199715683,13.451362609863281,219596000.0
2020-10-22,13.449124433979557,13.537889759866344,13.159951596832498,13.288500785827637,290480000.0
2020-10-23,13.377018906592749,13.519492082140397,13.219130715639897,13.516508102416992,233484000.0
2020-10-26,13.354143296213284,13.618451231858877,12.967751138200027,13.06994342803955,336896000.0
2020-10-27,13.233798365065633,13.369061027837251,13.119919622663886,13.324056625366211,250520000.0
2020-10-28,13.126385854290977,13.188049707227659,12.540582096891148,12.558484077453613,376520000.0
2020-10-29,12.76883550581862,13.121163222090864,12.68081570346587,12.953329086303711,320080000.0
2020-10-30,12.78027345863708,12.866303309085502,12.23325768967022,12.465988159179688,416820000.0
2020-11-02,12.589069276227741,12.767097924979993,12.327745281962157,12.512487411499023,299652000.0
2020-11-03,12.63954302876551,13.033891238095508,12.53436674945058,12.94885540008545,272900000.0
2020-11-04,13.316596395057736,13.752468880075408,13.26463000763654,13.719398498535156,410228000.0
2020-11-05,14.085653088319836,14.261194749998864,13.915083461408287,14.083166122436523,319028000.0
2020-11-06,14.033188045302696,14.50958900610018,13.819603973147315,14.48298454284668,383348000.0
2020-11-09,14.473537042533199,14.61178275956872,13.536897458927408,13.556788444519043,582976000.0
2020-11-10,13.532668624695363,13.532668624695363,12.559727213621446,12.700708389282227,644068000.0
2020-11-11,12.982919181366613,13.362100862954051,12.877991414086402,13.345192909240723,404744000.0
2020-11-12,13.405865106177782,13.691307592302365,13.24374941292415,13.383735656738281,365812000.0
2020-11-13,13.553305579639913,13.594580483530914,12.988387818739444,13.224847793579102,346312000.0
2020-11-16,13.101021962780749,13.575433861635306,13.084611974472585,13.441912651062012,413776000.0
2020-11-17,13.478962824136428,13.52247524343966,13.231562827098397,13.349419593811035,312028000.0
2020-11-18,13.39218838981243,13.531926113672368,13.113459411386144,13.355886459350586,510924000.0
2020-11-19,13.141057386140876,13.414316335999356,13.028919120198557,13.36732292175293,565936000.0
2020-11-20,13.380995847364288,13.421275773566174,12.994105766643468,13.016733169555664,341088000.0
2020-11-23,13.099781223360337,13.309884305156885,12.94487607234443,13.068700790405273,361356000.0
2020-11-24,13.071186853481274,13.090580823661265,12.815084388554446,12.887439727783203,346500000.0
2020-11-25,12.961782239367743,13.197495724792077,12.949350257598425,13.162934303283691,259916000.0
2020-11-27,13.30242518425179,13.334749099812084,13.099034635548598,13.189291954040527,167276000.0
2020-11-30,13.19302333396702,13.339723024481057,12.901861463493518,13.328782081604004,286952000.0
2020-12-01,13.419042826813051,13.45534475866114,13.156474376891508,13.317347526550293,296948000.0
2020-12-02,13.278057876066955,13.59930517405845,13.162438631674533,13.4710054397583,283360000.0
2020-12-03,13.517766430386201,13.589894576674254,13.260593943208093,13.327249526977539,199520000.0
2020-12-04,13.379478105518432,13.490406591655205,13.320035154421149,13.488665580749512,202244000.0
2020-12-07,13.531445119380862,13.66077804492372,13.430715060040114,13.536916732788086,223244000.0
2020-12-08,13.51527914984112,13.528958658042994,13.213336596873383,13.281485557556152,271920000.0
2020-12-09,13.232237965404359,13.34515509436293,12.802206372644868,12.864385604858398,401300000.0
2020-12-10,12.802951488524151,13.00167623711851,12.783550841795494,12.905671119689941,207764000.0
2020-12-11,12.900697287883272,12.95317714039091,12.75718771417098,12.94646167755127,209264000.0
2020-12-14,13.02082636932964,13.320032555199028,13.010380305933886,13.240443229675293,270156000.0
2020-12-15,13.3707718895099,13.39489745979019,13.11907107095995,13.291929244995117,193016000.0
2020-12-16,13.353609357953253,13.36828413251128,13.144687134351264,13.17453384399414,223116000.0
2020-12-17,13.29814698347281,13.310832168465264,13.110863557414445,13.272778511047363,231384000.0
2020-12-18,13.310332443875872,13.33619902252071,13.003416470104648,13.203882217407227,342064000.0
2020-12-21,13.007646335173467,13.301380961244586,12.900946562414616,13.263824462890625,302332000.0
2020-12-22,13.250891065643227,13.268798334208665,12.987002216302992,13.210101127624512,185580000.0
2020-12-23,13.187965472083052,13.20686801104678,12.938254232061905,12.942481994628906,179144000.0
2020-12-24,12.97033968408649,13.065100970275514,12.872345904910631,12.92706298828125,97884000.0
2020-12-28,12.9954590638984,12.9954590638984,12.69774525994913,12.833792686462402,212564000.0
2020-12-29,12.858664715222053,13.005407733251095,12.776339097439232,12.87682056427002,170372000.0
2020-12-30,12.923579073766286,13.145932243119045,12.830559761023274,13.07828140258789,225396000.0
2020-12-31,13.069078819042725,13.083504065531555,12.848715246989599,12.987997055053711,192424000.0
2021-01-04,13.03699376973847,13.582430131628756,12.895970952732675,13.046195983886719,560640000.0
2021-01-05,13.032515940766679,13.374501665941567,13.019831705704025,13.33595085144043,322760000.0
2021-01-06,13.15463728846822,13.177021848439159,12.521404624259176,12.549757957458496,580424000.0
2021-01-07,12.900946780331147,13.309091919233424,12.820363118117218,13.275514602661133,461480000.0
2021-01-08,13.293920064625954,13.35211916574799,12.975064589250893,13.208609580993652,292528000.0
2021-01-11,13.349877522595643,13.889345032102549,13.293916607551724,13.551587104797363,518344000.0
2021-01-12,13.68191920101054,13.683909741204818,13.276511249736272,13.415543556213379,291476000.0
2021-01-13,13.42076462097778,13.555071983938621,13.316303971194731,13.462300300598145,210028000.0
2021-01-14,13.505328397210821,13.529951129095025,13.112853322479959,13.132501602172852,283120000.0
2021-01-15,13.160108417536335,13.256859277308203,12.782556721687804,12.793499946594238,277780000.0
2021-01-19,12.949448048993759,13.026799227702664,12.778082270234988,12.958402633666992,226188000.0
2021-01-20,13.044457348491646,13.361571834901874,12.989740265412832,13.297154426574707,258572000.0
2021-01-21,13.34963442285258,13.927404399731902,13.184984102031278,13.796330451965332,337780000.0
2021-01-22,13.669482236438519,13.77071039880611,13.557310847947868,13.642123222351074,246820000.0
2021-01-25,13.711019017208473,13.757529155129262,13.168567410462774,13.583178520202637,251112000.0
2021-01-26,13.510797782058482,13.574718011567779,13.318788513278982,13.366293907165527,163980000.0
2021-01-27,13.162098483674535,13.164834764389763,12.728087739342117,12.851451873779297,371272000.0
2021-01-28,12.92954887671929,13.271286051874542,12.893981971050982,12.984017372131348,228316000.0
2021-01-29,13.00789568264157,13.266312945852967,12.845234971987278,12.923083305358887,271552000.0
2021-02-01,12.986256485316742,13.202639933895902,12.836528607721643,13.169063568115234,217204000.0
2021-02-02,13.329983047797578,13.502343114382933,13.217313559304229,13.48717212677002,220440000.0
2021-02-03,13.566016436499996,13.860249190894029,13.447130528740699,13.461058616638184,245408000.0
2021-02-04,13.461556515268784,13.603325102728808,13.26929860641241,13.594122886657715,201340000.0
2021-02-05,13.654559959985026,13.666747036533561,13.476229206080044,13.521246910095215,169152000.0
2021-02-08,13.656798344420974,14.399467130873976,13.656798344420974,14.364646911621094,434624000.0
2021-02-09,14.267149863534422,14.50840560388812,14.149506854766857,14.190048217773438,287560000.0
2021-02-10,14.389020780396104,14.828503172781936,14.267895756343098,14.688475608825684,485352000.0
2021-02-11,14.903363973524835,15.193865096484295,14.848397378087014,15.17247486114502,450828000.0
2021-02-12,14.972758655967848,15.212770519830906,14.699169476852274,14.884464263916016,374756000.0
2021-02-16,14.98693515502818,15.29360353659292,14.873271342590193,15.251569747924805,321960000.0
2021-02-17,15.093136657546811,15.14536793027898,14.704143611075722,14.829497337341309,274756000.0
2021-02-18,14.653405352105606,14.796914923640662,14.50019545688719,14.75289249420166,233868000.0
2021-02-19,14.947389223018012,15.099106694714642,14.770551858754157,14.849892616271973,271724000.0
2021-02-22,14.698921307165705,15.055581855788054,14.251479612238253,14.282072067260742,325884000.0
2021-02-23,14.003012864242908,14.165674533529184,13.32078225361046,14.06942081451416,391780000.0
2021-02-24,14.050268009256117,14.432297029257633,13.685399568921875,14.424586296081543,448320000.0
2021-02-25,13.973412803941994,14.300973298154094,13.148419454042376,13.239200592041016,824436000.0
2021-02-26,13.681917670854737,13.783394411878966,13.29242744323524,13.644113540649414,500932000.0
2021-03-01,13.80378919793109,13.853532772184092,13.483690829892343,13.770709991455078,353184000.0
2021-03-02,13.828660812201646,13.849055782455864,13.32724777396713,13.337445259094238,264116000.0
2021-03-03,13.357343042088633,13.382462935621067,12.733063022967233,12.739032745361328,377592000.0
2021-03-04,12.735054284527099,12.908410605300014,12.021734035558053,12.306763648986816,573344000.0
2021-03-05,12.485589720652124,12.485589720652124,11.61930825304677,12.397543907165527,542840000.0
2021-03-08,12.386102995034543,12.40724370649822,11.507137260717878,11.533750534057617,543112000.0
2021-03-09,12.072159199010558,12.55632917757728,12.001499113514425,12.460291862487793,521824000.0
2021-03-10,12.779008634694895,12.917840255866876,12.397843341761316,12.408541679382324,384376000.0
2021-03-11,12.88798468790623,12.983774296200266,12.673516798492331,12.931276321411133,299916000.0
2021-03-12,12.58768004946713,12.827028797912275,12.529709519311325,12.794435501098633,243964000.0
2021-03-15,12.803143022661203,13.143505256096866,12.706110083817578,13.128079414367676,221988000.0
2021-03-16,13.292535152594793,13.447788202434918,13.053933410810396,13.227598190307617,272128000.0
2021-03-17,12.977303509185077,13.388823115161827,12.92729410030536,13.277359962463379,243864000.0
2021-03-18,13.07358935587392,13.120861535601579,12.656098001762194,12.661571502685547,293896000.0
2021-03-19,12.688941772839797,12.85962068483066,12.552100433738472,12.784233093261719,299208000.0
2021-03-22,12.850911525294125,13.330353977872695,12.844939742774393,13.123101234436035,297804000.0
2021-03-23,13.190777367520809,13.28059519177102,12.958893359815724,13.008156776428223,222048000.0
2021-03-24,13.088271002303621,13.096233063845542,12.576235180945393,12.582454681396484,245840000.0
2021-03-25,12.439641491398485,12.65386069712674,12.2132310027731,12.4752197265625,295144000.0
2021-03-26,12.494378894229927,12.794684062208672,12.314245906312358,12.777765274047852,363968000.0
2021-03-29,12.758855578432918,12.999945925065388,12.639181685648806,12.886242866516113,273520000.0
2021-03-30,12.780501735531377,12.913113858096398,12.644157722970252,12.81010913848877,200204000.0
2021-03-31,12.953167891076216,13.405988787015568,12.920325938072057,13.284324645996094,314776000.0
2021-04-01,13.507255208263642,13.803578856697488,13.446546506677153,13.74560832977295,308276000.0
2021-04-05,13.801088900176397,13.946886947789313,13.667232519024436,13.920514106750488,255672000.0
2021-04-06,13.932706614577354,13.986945247012809,13.707540408844991,13.79511833190918,191744000.0
2021-04-07,13.814276132527263,14.175289010956332,13.645837117597932,14.07576847076416,251284000.0
2021-04-08,14.184492726916227,14.402195114009539,14.180759888744676,14.248435020446777,244416000.0
2021-04-09,14.14593123495432,14.339002443747564,14.10711843994296,14.331040382385254,195172000.0
2021-04-12,14.221316464351995,15.278976816323755,14.071536912958104,15.136163711547852,869324000.0
2021-04-13,15.158556624947309,15.624813133725874,15.053312973975865,15.604411125183105,676212000.0
2021-04-14,15.550171339256597,15.645213978889275,15.154574942421624,15.203838348388672,385500000.0
2021-04-15,15.587495731609307,16.136603691041266,15.556644047872503,16.059972763061523,598480000.0
2021-04-16,15.976121390043058,16.08833243050052,15.789270664877606,15.836295127868652,335208000.0
2021-04-19,15.462097636720497,15.731799760759175,15.16005088533594,15.28818416595459,404420000.0
2021-04-20,15.249866208010582,15.422784036919696,14.891341936905754,15.098594665527344,334132000.0
2021-04-21,15.046347575304525,15.28893085259979,15.029927070355269,15.286940574645996,216776000.0
2021-04-22,15.301370575475275,15.364566882387335,14.712702932237502,14.779133796691895,277788000.0
2021-04-23,14.86273203688158,15.261563065807191,14.828895411965819,15.192147254943848,227500000.0
2021-04-26,15.11228113181427,15.404872871832849,15.05256804757207,15.403877258300781,197796000.0
2021-04-27,15.503896739298003,15.595456172950886,15.280969463843478,15.308089256286621,164572000.0
2021-04-28,15.290918679330277,15.45786567297515,15.142632080810174,15.203588485717773,209416000.0
2021-04-29,15.326252116986469,15.362577303047306,14.999325442438934,15.251362800598145,173196000.0
2021-04-30,15.101831865428135,15.291418896124943,14.925181167243966,14.937621116638184,201912000.0
2021-05-03,15.05256605994809,15.173732875176336,14.716682734121033,14.76569652557373,203912000.0
2021-05-04,14.567153783566326,14.567402449672667,13.94315656113804,14.282523155212402,405324000.0
2021-05-05,14.638556530492483,14.74255683476457,14.318596405874235,14.389256477355957,292024000.0
2021-05-06,14.425833080432389,14.501469334711977,14.149911470541818,14.453450202941895,193380000.0
2021-05-07,14.737334332362575,14.899055557162523,14.601487668316276,14.741314888000488,229328000.0
2021-05-10,14.716435724758746,14.735096123743787,14.18175896431801,14.197433471679688,268904000.0
2021-05-11,13.758793450883047,14.286006409049536,13.684152807210628,14.237738609313965,285584000.0
2021-05-12,13.942412041061676,14.191961809722272,13.643600748872887,13.692614555358887,303408000.0
2021-05-13,13.966542771255337,14.013318571765083,13.394545268670152,13.599807739257812,285404000.0
2021-05-14,13.823484928887614,14.259387193283878,13.68266206294746,14.17479419708252,258616000.0
2021-05-17,14.089203532423051,14.101394815593933,13.787157729474968,14.097662925720215,216980000.0
2021-05-18,14.19867739521661,14.335270069717708,13.936936381971368,13.948630332946777,186256000.0
2021-05-19,13.501532501812244,14.012076335077285,13.478394213384284,13.998392105102539,344000000.0
2021-05-20,14.23400657092492,14.613431183534683,14.202160225647615,14.542522430419922,321592000.0
2021-05-21,15.091134382353156,15.149105863226406,14.798293933383347,14.919958114624023,672992000.0
2021-05-24,15.139647605689639,15.669597751616458,15.10332242541384,15.537235260009766,554816000.0
2021-05-25,15.690495669194577,15.742744016405416,15.408353645148921,15.5728120803833,435408000.0
2021-05-26,15.658901227493464,15.718116033223644,15.511610211521978,15.624814987182617,370440000.0
2021-05-27,15.624565789324397,15.67457520145046,15.385964013483283,15.413829803466797,581476000.0
2021-05-28,15.426769637119651,16.199550904569822,15.426769637119651,16.16670799255371,644536000.0
2021-06-01,16.19208753443209,16.309771158745168,15.827093093833488,16.186613082885742,472804000.0
2021-06-02,16.17442249509747,16.837730875688383,16.157752372791514,16.69790267944336,594168000.0
2021-06-03,16.62077215706791,17.1763491798281,16.503585882792244,16.88848304748535,580008000.0
2021-06-04,17.030548852392332,17.576422190681168,17.013631964827372,17.494070053100586,617120000.0
2021-06-07,17.48710039214021,17.727194109995963,17.11041308265878,17.53462028503418,575756000.0
2021-06-08,17.443312869189647,17.53711123572053,17.16838498606947,17.37339973449707,323848000.0
2021-06-09,17.435866151003694,17.494845805819946,17.177051714798523,17.279083251953125,381656000.0
2021-06-10,17.270872745755277,17.412225327997316,17.09766651507908,17.345529556274414,287772000.0
2021-06-11,17.399774175994814,17.85742833705059,17.364187797103718,17.743947982788086,416308000.0
2021-06-14,17.82432865468735,17.95721889407088,17.58218825436589,17.93656349182129,321376000.0
2021-06-15,17.83329490038093,17.934082819672014,17.647147489049146,17.70737075805664,243032000.0
2021-06-16,17.709609271497378,17.872860848959444,17.50429881095447,17.729019165039062,307124000.0
2021-06-17,17.693437053578737,18.74909970508031,17.6752707710507,18.572160720825195,809656000.0
2021-06-18,18.698327387768984,19.286631467550436,18.49923881961197,18.553739547729492,968856000.0
2021-06-21,18.3511693418325,18.451959152942997,17.741463607959098,18.34320640563965,672384000.0
2021-06-22,18.38725274124048,18.877258052337343,18.3021419888777,18.800607681274414,580144000.0
2021-06-23,18.921059344157953,19.065398486357704,18.82151504268745,18.970333099365234,332356000.0
2021-06-24,19.14005430634004,19.331426768379632,19.001188991925353,19.117904663085938,320924000.0
2021-06-25,19.192568626811074,19.257272715606643,18.80832936010716,18.94420623779297,278364000.0
2021-06-28,19.27294637389471,19.987174655201073,19.23088938832883,19.89385223388672,495436000.0
2021-06-29,19.791816597228845,20.007079760054115,19.567344985249843,19.935409545898438,367632000.0
2021-06-30,19.90803865725093,20.070544083019442,19.77315668561849,19.911273956298828,326568000.0
2021-07-01,20.03321652568688,20.36270632131494,19.927699060494447,20.11981964111328,480136000.0
2021-07-02,20.34702451247123,20.411728585764077,20.195219897428057,20.3935604095459,342764000.0
2021-07-06,20.642915231638717,20.746938423500755,20.257432486443616,20.604093551635742,446708000.0
2021-07-07,20.758392448778196,20.779794027787037,20.23927125233733,20.278839111328125,418428000.0
2021-07-08,19.76593512559663,20.04117280914113,19.610895227946322,19.811973571777344,503300000.0
2021-07-09,19.871452007779578,19.988665125073833,19.664151776378613,19.95880126953125,296624000.0
2021-07-12,20.14768528825226,20.439099465381375,20.09567369123447,20.418943405151367,321984000.0
2021-07-13,20.307455300297775,20.36792918431061,20.02226296191594,20.157642364501953,290708000.0
2021-07-14,20.26489928311296,20.3246250945611,19.662659112833513,19.75100326538086,380100000.0
2021-07-15,19.72139214020743,19.756481081917247,18.77248888227508,18.87974739074707,550564000.0
2021-07-16,18.943710274759216,19.069632541055025,17.990576575321715,18.078174591064453,688224000.0
2021-07-19,17.83354040544613,18.95515041008201,17.784016036287866,18.6940975189209,749060000.0
2021-07-20,18.644574810811843,18.752082041477266,18.081156267494258,18.52711296081543,434687000.0
2021-07-21,18.7958841722349,19.437942953866006,18.65652328269626,19.321475982666016,371017000.0
2021-07-22,19.552412447205178,19.79629393162419,19.188080660166136,19.50463104248047,323826000.0
2021-07-23,19.566352203135214,19.610152148792288,19.162203768763973,19.468799591064453,195672000.0
2021-07-26,19.222929669807954,19.353330839467855,18.827738996164285,19.20600700378418,203943000.0
2021-07-27,19.17713490295772,19.532507034154946,18.655524613503584,19.12039566040039,248863000.0
2021-07-28,19.230890227163382,19.556398512743925,18.908368517411507,19.414051055908203,202191000.0
2021-07-29,19.429975408460677,19.762453610725807,19.239846550542488,19.572324752807617,190781000.0
2021-07-30,19.32943666500641,19.540469658257,19.17514481205662,19.41006851196289,183497000.0
2021-08-02,19.61015425708338,19.86996358597214,19.272699647938943,19.65992546081543,217444000.0
2021-08-03,19.649967848258107,20.129769849720965,19.13233905420484,19.724626541137695,301811000.0
2021-08-04,19.898823053593883,20.225328025062122,19.737561301329468,20.181528091430664,231309000.0
2021-08-05,20.40650479203226,20.638441941721155,20.249224447514635,20.542879104614258,211435000.0
2021-08-06,20.430391658316715,20.476181384713264,20.117822711619997,20.27311134338379,178497000.0
2021-08-09,20.35274874502735,20.414466247960842,20.0511311729326,20.202438354492188,146443000.0
2021-08-10,20.229316742427432,20.336823982919242,19.744536419810593,19.845077514648438,179238000.0
2021-08-11,19.95158271202595,19.95755586232804,19.34137965122255,19.60915184020996,185925000.0
2021-08-12,19.77937830002264,19.937651633578177,19.53051849296908,19.814218521118164,151652000.0
2021-08-13,19.81421982888038,20.121810585889133,19.7604652564139,20.095928192138672,183063000.0
2021-08-16,20.043166397287347,20.194473564961584,19.36427582596979,19.859010696411133,210876000.0
2021-08-17,19.595217108343547,19.679830414635195,19.17912431578376,19.369253158569336,204585000.0
2021-08-18,19.411060357563738,19.54444995723382,18.91334086121595,18.95315933227539,285913000.0
2021-08-19,19.40508831506733,20.401524155483223,18.676426581461318,19.70770263671875,766555000.0
2021-08-20,19.899825465212288,20.76983992496617,19.84209132480141,20.7210636138916,675741000.0
2021-08-23,20.875353163773784,21.89667271123658,20.85444903468081,21.857851028442383,575807000.0
2021-08-24,21.653785035187866,21.85884484841934,21.43677892097538,21.693601608276367,297299000.0
2021-08-25,21.63786162430471,22.367518367862452,21.622930643720796,22.111690521240234,347701000.0
2021-08-26,22.098747931885494,22.238108792972646,21.69061806843084,21.967350006103516,237940000.0
2021-08-27,22.0828224516965,22.61836882879445,22.06589978843184,22.532760620117188,304722000.0
2021-08-30,22.725876717636822,22.937904612772638,22.448149850901924,22.584524154663086,262580000.0
2021-08-31,22.595474734179547,22.595474734179547,22.022997435726552,22.286834716796875,259850000.0
2021-09-01,22.386398003393204,22.597468221617223,22.25895905860022,22.34259033203125,201767000.0
2021-09-02,22.419251447689817,22.493923309725275,22.197229795135584,22.297786712646484,187834000.0
2021-09-03,22.227096544764898,22.885197091806518,22.102644720659796,22.74282455444336,280532000.0
2021-09-07,22.73287172125641,22.798582279426377,22.42323471429615,22.5626220703125,198107000.0
2021-09-08,22.414276035210346,22.510850790435214,21.880625312807148,22.241039276123047,254434000.0
2021-09-09,22.214160209499955,22.439169012698837,22.0339541533398,22.07975196838379,196856000.0
2021-09-10,22.249995986999718,22.52677674082894,22.1723389246809,22.379426956176758,248376000.0
2021-09-13,22.584527770420298,22.863300618199723,21.762149673506425,22.054861068725586,297500000.0
2021-09-14,22.177322643775025,22.311730889977884,21.989152238481918,22.144468307495117,199755000.0
2021-09-15,22.21116747444568,22.268913686849235,21.86967123574188,22.243026733398438,166538000.0
2021-09-16,22.0857270102206,22.179314678845696,21.83084906635512,22.144468307495117,156033000.0
2021-09-17,22.20221017104686,22.22311799153432,21.73427187990997,21.803964614868164,294503000.0
2021-09-20,21.053268680937446,21.33901075751113,20.57139190308022,21.020414352416992,349440000.0
2021-09-21,21.323081688701794,21.33104602969822,20.858130525552628,21.15283203125,204688000.0
2021-09-22,21.272302669855954,21.86369765838028,21.103048096770816,21.84478187561035,268726000.0
2021-09-23,22.04290644543416,22.436174664784662,21.794002797589656,22.383407592773438,248555000.0
2021-09-24,21.973221375757397,22.051875426800233,21.76513821834003,21.984172821044922,217655000.0
2021-09-27,21.61479768356571,21.703408104868426,21.23148763384745,21.565017700195312,245215000.0
2021-09-28,21.1209676506168,21.325068556326013,20.560435036406435,20.608224868774414,343069000.0
2021-09-29,20.84817209585024,20.924834092595493,20.37724487487281,20.427026748657227,218394000.0
2021-09-30,20.67692268286252,20.97361615381417,20.597273594598942,20.625150680541992,221009000.0
2021-10-01,20.659011095578744,20.767532385365488,20.11440881352052,20.651046752929688,240978000.0
2021-10-04,20.414085560020563,20.451919028744175,19.46924770779128,19.645471572875977,345635000.0
2021-10-05,19.86251797851901,20.557457131881208,19.76693827984998,20.36132049560547,279282000.0
2021-10-06,20.031766035969262,20.62913326033317,19.991940541553486,20.609222412109375,297202000.0
2021-10-07,20.999505841929384,21.228498682857182,20.880033132647856,20.982582092285156,256919000.0
2021-10-08,21.00846717095083,21.113006266424186,20.683896542065902,20.73965072631836,151258000.0
2021-10-11,20.484773437642136,20.970632383544228,20.421053017517437,20.604246139526367,163388000.0
2021-10-12,20.736660050850766,20.964655885876756,20.437976429822484,20.58034896850586,162134000.0
2021-10-13,20.826265874944212,20.8979506288575,20.622164953970238,20.8471736907959,180652000.0
2021-10-14,21.194646843821843,21.6595979888479,21.029374431188767,21.650638580322266,243589000.0
2021-10-15,21.71435652898172,21.834826198844418,21.56700673526924,21.766128540039062,226994000.0
2021-10-18,21.65363014078365,22.193253262535585,21.549089127581535,22.124555587768555,189494000.0
2021-10-19,22.178318386889497,22.280867367976793,21.940367986419837,22.192258834838867,161473000.0
2021-10-20,22.207186839128415,22.334625782730672,21.885603327165416,22.006072998046875,146276000.0
2021-10-21,22.000097295285027,22.611405016436052,21.98615875079242,22.592487335205078,187590000.0
2021-10-22,22.722909872863955,23.02856273687431,22.462059737677606,22.62633514404297,249384000.0
2021-10-25,22.872251056391946,23.25257575791235,22.670142197791318,23.06440544128418,230235000.0
2021-10-26,23.88380198609397,25.148233144137606,23.81908649717466,24.60860824584961,485898000.0
2021-10-27,24.36667464722999,24.97997251638669,24.175515291453934,24.343774795532227,245990000.0
2021-10-28,24.768905340270393,24.84059010745586,24.415462540776538,24.831628799438477,234204000.0
2021-10-29,24.89136560174538,25.596261077566012,24.890370533831586,25.454883575439453,292503000.0
2021-11-01,25.536524276050844,25.780448839610433,25.116373947615195,25.713743209838867,265740000.0
2021-11-02,25.708765384211045,26.56101063434502,25.68686059809661,26.28522491455078,294112000.0
2021-11-03,26.553046154370787,26.666546557874828,26.119954258485805,26.481361389160156,239910000.0
2021-11-04,27.109591491333024,31.227453379184272,26.999078204026905,29.670312881469727,1153631000.0
2021-11-05,30.05462047753978,31.262300425460428,29.28102744943848,29.62152862548828,851260000.0
2021-11-08,30.01678837668219,30.963618188602332,29.775849037020173,30.668916702270508,503101000.0
2021-11-09,32.140431924829684,32.16830901202429,29.832596497880946,30.52255630493164,646746000.0
2021-11-10,29.22726785132228,30.714715789314535,28.65180150099656,29.329814910888672,636206000.0
2021-11-11,30.334388087867172,30.45585281899345,29.646418368081974,30.256729125976562,332172000.0
2021-11-12,29.87839638802561,30.54545829095262,29.500061751090385,30.256729125976562,413054000.0
2021-11-15,30.418020909460683,30.509616521619076,29.118743398652445,29.89333152770996,384909000.0
2021-11-16,29.628497753453818,30.256729228063044,29.57572877826621,30.07054901123047,264484000.0
2021-11-17,30.28460666991569,30.375209109979387,28.673702083946914,29.132680892944336,428508000.0
2021-11-18,32.225065268536866,32.61633964212017,31.183650744846176,31.53609848022461,781711000.0
2021-11-19,32.101611886418695,32.94290770891931,31.7650946968093,32.84035873413086,533867000.0
2021-11-22,33.37002012110695,34.495065927789035,31.76011228365292,31.815866470336914,754335000.0
2021-11-23,31.396713465869023,32.218096459002574,30.744585069545465,31.606788635253906,532163000.0
2021-11-24,31.323028564645966,32.710914296371996,30.792365088496854,32.53070831298828,435162000.0
2021-11-26,32.45703660205331,32.5665548230208,31.212520168167917,31.364849090576172,283069000.0
2021-11-29,32.22406422648845,33.26547475913897,31.895509575688923,33.22963333129883,454964000.0
2021-11-30,33.02353371406536,33.206728683147546,31.724258479576022,32.53269577026367,622066000.0
2021-12-01,33.07737399441328,33.14707524856972,31.246211893152907,31.30097770690918,484368000.0
2021-12-02,31.080924085668652,32.33953513403898,30.892728782523843,31.98903465270996,472890000.0
2021-12-03,31.863574209549956,31.992025853618237,30.00154575602389,30.56214714050293,544325000.0
2021-12-06,29.752607234466886,30.112068189261706,27.918461454083303,29.908939361572266,658938000.0
2021-12-07,30.825030363877005,32.31067051273475,30.520333192425742,32.288761138916016,593053000.0
2021-12-08,31.862576105811538,32.15233582192908,31.28703933130742,31.6903133392334,475551000.0
2021-12-09,31.59870601970093,32.067700548302355,30.29827420147728,30.360010147094727,488507000.0
2021-12-10,31.01719680171708,31.171536668842634,29.733692678385772,30.069255828857422,488825000.0
2021-12-13,30.12003667037444,30.16484489291169,27.9961292011688,28.040937423706055,598344000.0
2021-12-14,27.580906118057847,28.55573229210016,27.1338209994663,28.2161865234375,667035000.0
2021-12-15,28.27891810418674,30.36996527334218,27.71931388041696,30.329139709472656,698297000.0
2021-12-16,31.019191226073666,31.02715654259987,27.97323253537963,28.26597785949707,707366000.0
2021-12-17,27.865685848167104,28.7986911983122,27.64164476154894,27.682470321655273,713758000.0
2021-12-20,27.188587940382853,28.02400974051841,27.02927023764738,27.60082244873047,461847000.0
2021-12-21,28.25303061151138,28.995850397906604,27.284177433595826,28.95104217529297,524385000.0
2021-12-22,28.767827479708327,29.428996155845503,28.327710555903725,29.274656295776367,395184000.0
2021-12-23,29.628143214986842,29.93084800774143,29.30552513261703,29.513633728027344,343022000.0
2021-12-27,29.53354885530447,30.95446509890773,29.51363366651382,30.81307029724121,403686000.0
2021-12-28,31.17850318637374,31.19642609485194,29.884044529382255,30.192724227905273,420591000.0
2021-12-29,30.143934262767104,30.41776144298987,29.240799693853926,29.873092651367188,343139000.0
2021-12-30,29.69983733274605,30.32715249863817,29.41406215423733,29.45986557006836,308864000.0
2021-12-31,29.547485577861092,29.90196867896362,29.205947537847756,29.285606384277344,266530000.0
2022-01-03,29.687889053615017,30.580069009930835,29.658016270092954,29.992584228515625,391547000.0
2022-01-04,30.147916396398475,30.33810206507223,28.228136800951273,29.165124893188477,527154000.0
2022-01-05,28.82557789334784,29.290587837147367,27.41561641931234,27.486312866210938,498064000.0
2022-01-06,27.52216436362774,28.316762659075174,26.949616846915596,28.057870864868164,454186000.0
2022-01-07,28.021028032592206,28.300830190157978,26.941647883892415,27.13083839416504,409939000.0
2022-01-10,26.467675485447426,27.351890124020873,25.53466996334042,27.283184051513672,594681000.0
2022-01-11,27.20651282406831,27.94535000609593,26.724577023199927,27.698406219482422,404089000.0
2022-01-12,27.94733620165416,28.473084959973825,27.490293505962637,27.879627227783203,383413000.0
2022-01-13,28.2580102227296,28.358579457679358,26.385029059468522,26.461702346801758,540171000.0
2022-01-14,26.187871987265602,27.081048984239747,26.098255540756934,26.82713508605957,395832000.0
2022-01-18,26.14804463261415,26.524433344257982,25.660133902473458,25.792566299438477,424270000.0
2022-01-19,25.96781525631739,26.42983583830402,24.94519334293258,24.960128784179688,488315000.0
2022-01-20,25.19612432099179,25.46995155552905,23.975349297157585,24.047042846679688,435181000.0
2022-01-21,23.40678352912288,24.717173064459438,23.163824281021945,23.274351119995117,718958000.0
2022-01-24,22.234800479522537,23.280323256927787,20.79894871741768,23.272357940673828,913982000.0
2022-01-25,22.449876349333593,22.8451850306954,21.906204650379927,22.228822708129883,664616000.0
2022-01-26,23.140918549293506,23.954434796117226,22.204925605698346,22.67491340637207,755959000.0
2022-01-27,23.467523671999473,23.89270329457415,21.582592522124454,21.850446701049805,573353000.0
2022-01-28,21.918151515078176,22.76054528347654,21.205204558448763,22.74262237548828,543774000.0
2022-01-31,23.083160228755165,24.404503984719195,22.953715333565444,24.381601333618164,564680000.0
2022-02-01,24.996971847725337,25.03779741322022,23.78814690915183,24.532958984375,518925000.0
2022-02-02,25.6840327601272,25.706933518845947,24.448322405650178,25.13438606262207,543419000.0
2022-02-03,24.353725465820713,24.97008589250318,23.678616565700732,23.84589958190918,410178000.0
2022-02-04,23.869796077051603,24.529969498879858,23.531245506923437,24.215316772460938,354829000.0
2022-02-07,24.26809450688,25.074640699200273,24.098819192519745,24.622577667236328,376868000.0
2022-02-08,24.25515013515638,25.122437111146983,23.877766205134343,25.000957489013672,410359000.0
2022-02-09,25.512765352949764,26.61106356618626,25.244913078299707,26.591148376464844,524282000.0
2022-02-10,25.884175827584478,26.81020934447509,25.490859383243375,25.713903427124023,513200000.0
2022-02-11,25.805505937406497,26.04049979796421,23.67164309646189,23.846891403198242,605472000.0
2022-02-14,23.831959421608797,24.768947532154037,23.653721722186578,24.16353988647461,440424000.0
2022-02-15,24.84262993037753,26.43182609028829,24.67833439160507,26.38204002380371,699869000.0
2022-02-16,26.147047583163317,26.468670452357063,25.443061093040882,26.397972106933594,732676000.0
2022-02-17,25.52072674309447,25.675066590866578,24.06197445592718,24.402515411376953,810595000.0
2022-02-18,24.562829258106373,24.87947428103264,23.00151540777712,23.54120445251465,761255000.0
2022-02-22,22.93679145884349,23.961403708378384,22.90194083125501,23.2902774810791,633422000.0
2022-02-23,23.700525696809972,24.052021400692805,22.20592541181683,22.29155731201172,566511000.0
2022-02-24,20.92540016317363,23.698525928296522,20.800933111240948,23.646747589111328,735801000.0
2022-02-25,23.619868407786754,24.11375214772827,23.281317813989904,24.05400848388672,528866000.0
2022-02-28,23.88971413278726,24.559845228253224,23.605929341272788,24.281038284301758,477319000.0
2022-03-01,24.187436042997348,24.273069823879005,23.03337702743395,23.37690544128418,412056000.0
2022-03-02,23.658748421485516,24.309075054496567,23.31914479926627,24.120847702026367,389642000.0
2022-03-03,24.16267550692926,24.22641458306048,23.37292261489187,23.616920471191406,365095000.0
2022-03-04,23.288275695324913,23.58306351436936,22.38996771003813,22.84210968017578,431415000.0
2022-03-07,22.723592102393823,22.93870935454276,21.242680010670902,21.264589309692383,450821000.0
2022-03-08,21.22176739996016,22.281410884459255,20.565464751978574,21.425928115844727,557467000.0
2022-03-09,22.295352427006858,23.124942518382856,22.15592615939423,22.91978645324707,492742000.0
2022-03-10,22.43876567263354,22.694713569217846,21.792422296882368,22.56524658203125,428066000.0
2022-03-11,22.927751696595113,23.050249252253458,21.955747421099613,22.0095272064209,367209000.0
2022-03-14,21.7794765189099,22.170867384126904,21.072383887534045,21.24268341064453,385354000.0
2022-03-15,21.42990862446335,22.943686459312385,21.23471186606526,22.878952026367188,491996000.0
2022-03-16,23.40379845485764,24.496307806427332,23.077142064193676,24.395721435546875,671422000.0
2022-03-17,24.02125469375783,24.740297081851676,23.808130100630766,24.664609909057617,471941000.0
2022-03-18,24.697482775125827,26.460237571454236,24.523199913712308,26.344711303710938,730719000.0
2022-03-21,26.398491268211867,27.04085136071084,25.860700893224614,26.624561309814453,591727000.0
2022-03-22,26.61758672052766,27.12649641555455,25.96526931574627,26.41541862487793,547007000.0
2022-03-23,26.019046837158616,26.50305734840452,25.470303785598432,25.529062271118164,502120000.0
2022-03-24,26.058882339128612,28.204063653708854,25.800941854899072,28.034759521484375,877379000.0
2022-03-25,27.77184031036565,28.241908164028267,27.15935821789396,27.57863426208496,579016000.0
2022-03-28,27.642381055946704,28.13435834538198,27.094631346666066,28.103485107421875,425494000.0
2022-03-29,28.57753047133925,28.827502401169717,27.865457327415218,28.5386905670166,488984000.0
2022-03-30,28.188133610446798,28.37934706350977,27.390412047597884,27.57664680480957,463487000.0
2022-03-31,27.668272949268168,28.13236496599721,27.158369706319803,27.17430305480957,523440000.0
2022-04-01,27.262931780225625,27.383436717189806,26.159467926180007,26.602645874023438,517235000.0
2022-04-04,26.618586388901665,27.44518860912793,26.50405738303461,27.24799919128418,397120000.0
2022-04-05,27.14242826487716,27.2071627020829,25.714298707379786,25.824844360351562,436615000.0
2022-04-06,24.831926142575206,25.19642705051053,23.904737678545857,24.307083129882812,703833000.0
2022-04-07,24.340944116539315,24.620793903525843,23.3818870718976,24.108898162841797,557992000.0
2022-04-08,23.819088417079787,23.825064370958277,22.96758907146771,23.024354934692383,524781000.0
2022-04-11,22.123063188914138,22.228628253478472,21.571330249174363,21.82727813720703,575207000.0
2022-04-12,22.44474005075557,22.63197015423266,21.194876629839,21.41596794128418,662258000.0
2022-04-13,21.639050491837658,22.407889437860018,21.36716738576446,22.112104415893555,516943000.0
2022-04-14,22.412875639014622,22.68376347667725,21.07637001690351,21.17098045349121,569097000.0
2022-04-18,21.11320943966605,21.9975726163944,20.992704516489646,21.693822860717773,525701000.0
2022-04-19,21.631084290617952,22.281410987109858,21.226746193463015,22.107128143310547,512781000.0
2022-04-20,22.42482103543778,22.57719456880331,21.11321307776146,21.394058227539062,468974000.0
2022-04-21,21.620132221860942,22.300336872596574,19.918128505755924,20.100379943847656,656209000.0
2022-04-22,20.219884332875687,20.402135741058334,19.42017210608827,19.435110092163086,624713000.0
2022-04-25,19.12339100546342,19.863349361314793,19.017825948530263,19.820526123046875,641566000.0
2022-04-26,19.637283370463635,19.706996516542763,18.593573098917023,18.711090087890625,653143000.0
2022-04-27,18.521868230847012,19.08853925931246,18.215130373255832,18.339618682861328,499460000.0
2022-04-28,18.88935141084662,19.95497260986267,18.41430488131408,19.70101547241211,570327000.0
2022-04-29,19.322576485275174,20.045604367770206,18.441199089362883,18.47107696533203,500435000.0
2022-05-02,18.46509770793821,19.493867882415657,18.315712153889976,19.45303726196289,572049000.0
2022-05-03,19.320580585935083,19.743841875684236,19.0546734235437,19.521753311157227,475751000.0
2022-05-04,19.84144044981811,20.316487014368857,18.67423744950525,20.250757217407227,648855000.0
2022-05-05,19.78566592846384,19.843427141666254,18.424261790585792,18.76685333251953,626331000.0
2022-05-06,18.659298078838052,19.43212034048371,17.916351786613728,18.598546981811523,633297000.0
2022-05-09,17.9601754415391,18.180269513135514,16.75811575231476,16.880613327026367,644455000.0
2022-05-10,17.616587170071877,18.12350429350738,16.955305773137006,17.522972106933594,761474000.0
2022-05-11,17.275983917823066,17.68032194709463,16.500173704044624,16.561918258666992,670167000.0
2022-05-12,16.152604222388675,16.719275153017346,15.503273835867764,16.108783721923828,708728000.0
2022-05-13,16.71927505834853,17.854607631651785,16.525073633919344,17.633516311645508,670437000.0
2022-05-16,17.437322904145635,17.715180072849822,17.035972816221634,17.19332504272461,521446000.0
2022-05-17,18.00000966759252,18.295794716695035,17.561812268275418,18.102588653564453,585830000.0
2022-05-18,17.632522266505582,18.043831705127655,16.79496540151223,16.868661880493164,545161000.0
2022-05-19,16.86766124321624,17.61459078960945,16.665491294505667,17.053895950317383,621310000.0
2022-05-20,17.261044685045487,17.338724476895592,15.690500201719123,16.625656127929688,739105000.0
2022-05-23,16.20738076943158,16.845757510491026,16.112770346149613,16.828826904296875,639889000.0
2022-05-24,16.44241318228326,16.529056923699873,15.715401091996485,16.08786964416504,588550000.0
2022-05-25,15.954417701062567,17.040950964789868,15.934499121271301,16.905508041381836,781132000.0
2022-05-26,15.970351364556697,18.017934299435986,15.95640873833212,17.777921676635742,996575000.0
2022-05-27,18.11155027204223,18.80370475029721,18.025901901467446,18.733991622924805,738379000.0
2022-05-31,18.902301701134324,19.121402309598214,18.27488154857996,18.595563888549805,664100000.0
2022-06-01,18.6473501146243,18.97500185230617,18.047813348721185,18.24500274658203,544514000.0
2022-06-02,18.217115849128234,19.53868302922962,18.12350080401456,19.51179313659668,648656000.0
2022-06-03,19.00388342136499,19.25285997901017,18.446174564570704,18.64336395263672,598779000.0
2022-06-06,19.060654448775498,19.257843890249216,18.48800745127705,18.70909881591797,422406000.0
2022-06-07,18.396382141540013,18.92222057056187,18.11354434422296,18.84852409362793,388914000.0
2022-06-08,18.72599902469666,19.105520032436974,18.46302425711577,18.575586318969727,363252000.0
2022-06-09,18.40923586335072,18.859480331996103,17.970943930182248,17.977916717529297,395574000.0
2022-06-10,17.531659275414107,17.6282827443318,16.803496864291528,16.908090591430664,465248000.0
2022-06-13,15.937870682447913,16.24865943434733,15.545400563694251,15.586241722106934,604153000.0
2022-06-14,15.669913807719103,16.0036129839423,15.35215229559049,15.774506568908691,469680000.0
2022-06-15,16.03249841468416,16.80249737716836,15.86415501064633,16.46282196044922,563936000.0
2022-06-16,15.79841368067241,15.880095995991596,15.341196388689442,15.540419578552246,545749000.0
2022-06-17,15.58723513693202,15.932887781168011,15.26847807134145,15.818334579467773,630334000.0
2022-06-21,16.41102270722772,16.941951940881246,16.343285982511887,16.50166893005371,483089000.0
2022-06-22,16.162992114105894,16.59729988882193,16.117171209417034,16.296472549438477,437135000.0
2022-06-23,16.454851986991518,16.5205956784527,15.79143880496092,16.16199493408203,463680000.0
2022-06-24,16.43592735057394,17.073441500432935,16.24666462485629,17.05949592590332,472153000.0
2022-06-27,17.244772067670773,17.262701818144645,16.561435211155498,16.803491592407227,427968000.0
2022-06-28,16.83437454206532,17.135201879170452,15.883083017438073,15.919939994812012,461149000.0
2022-06-29,15.752590608725741,15.758566876112974,15.111091360585093,15.481646537780762,482352000.0
2022-06-30,15.301351073584014,15.506551472546047,14.804289165625038,15.100135803222656,686070000.0
2022-07-01,14.841143578722336,15.004506284421517,14.336112418461335,14.46660327911377,577610000.0
2022-07-05,14.11995661407491,14.912865159719473,14.000422705433717,14.905892372131348,651397000.0
2022-07-06,14.951714146500859,15.259514268350555,14.73157165387112,15.071248054504395,529066000.0
2022-07-07,15.39598259559198,15.883083111902556,15.329242378034209,15.79642105102539,492903000.0
2022-07-08,15.370081273576027,15.974724471417973,15.329240123320371,15.776496887207031,467972000.0
2022-07-11,15.465707871427929,15.466704390913305,14.97960300654342,15.093160629272461,437321000.0
2022-07-12,15.208709354081796,15.37107648181063,14.819227931417547,15.023431777954102,458483000.0
2022-07-13,14.533345395566592,15.315296992454249,14.408830785871842,15.10511589050293,521918000.0
2022-07-14,15.049332580525368,15.412914988487683,14.67080807841094,15.312307357788086,456235000.0
2022-07-15,15.598193546303452,15.720715108541247,15.385023849466009,15.700793266296387,385935000.0
2022-07-18,16.23869470882499,16.83138346936928,15.939860454756344,16.038475036621094,670517000.0
2022-07-19,16.42198582931977,17.043563418815324,16.1092058948289,16.926021575927734,702366000.0
2022-07-20,16.881194706038162,17.863366094244768,16.73576172035747,17.73785400390625,760538000.0
2022-07-21,17.815545920988264,18.073538999996114,17.476866119251895,17.979904174804688,557049000.0
2022-07-22,17.823519553288822,17.897231611980214,17.07045465118201,17.25174903869629,536671000.0
2022-07-25,16.95291172337914,17.057505436276674,16.584349553933702,16.95789337158203,480748000.0
2022-07-26,16.823416159959134,16.853300347202065,16.414012864423395,16.468799591064453,397865000.0
2022-07-27,16.965860804114296,17.86635161594308,16.84732342255859,17.720918655395508,569776000.0
2022-07-28,17.90519966314176,18.069557945364984,17.372277332995978,17.91416358947754,474646000.0
2022-07-29,17.743828897049305,18.173155009470385,17.623298471299282,18.092470169067383,435460000.0
2022-08-01,18.11138981127022,18.772812640983684,17.920136001443243,18.369384765625,476469000.0
2022-08-02,18.051627201581738,18.864458441615547,18.021743015572017,18.454057693481445,489527000.0
2022-08-03,18.11338707008379,18.8943430004141,18.06656870107235,18.81963348388672,418146000.0
2022-08-04,18.775802954410633,19.19915175470648,18.687147876727973,19.140380859375,409652000.0
2022-08-05,18.736960242767893,19.154333889054843,18.593520291504326,18.915266036987305,386068000.0
2022-08-08,17.43403710855411,18.168174706690454,17.175046511530418,17.723905563354492,981859000.0
2022-08-09,17.18500523413819,17.379247676702683,16.659055765062003,17.019649505615234,668263000.0
2022-08-10,17.62927873105072,18.047647949674293,17.249757634884343,18.026729583740234,597422000.0
2022-08-11,18.06059111186056,18.634354502788938,17.806580307573075,17.872323989868164,509327000.0
2022-08-12,18.089482668919175,18.645316458949107,17.883285741988434,18.636350631713867,478094000.0
2022-08-15,18.628381495120706,19.089582944835495,18.540723865569156,18.95809555053711,457666000.0
2022-08-16,18.846528100303107,19.067666130006987,18.42915457848667,18.805686950683594,451240000.0
2022-08-17,18.45107316928741,18.615431461944837,18.074540740730857,18.26380157470703,446799000.0
2022-08-18,18.229932730472253,18.79174174116326,18.112390926823224,18.70009994506836,415447000.0
2022-08-19,18.33452409224492,18.448081715081848,17.700994191090388,17.779687881469727,441588000.0
2022-08-22,17.42208217251165,17.489818903609883,16.900116815044345,16.967853546142578,409593000.0
2022-08-23,16.92303062961487,17.397182115122416,16.904103405013966,17.11428451538086,369986000.0
2022-08-24,16.945935367801415,17.33840632607673,16.8293910435938,17.155120849609375,522661000.0
2022-08-25,16.7785918674599,17.877309377171127,16.767634901441976,17.843441009521484,770691000.0
2022-08-26,17.787655912695254,17.8543951679038,16.173946054363714,16.196857452392578,769127000.0
2022-08-29,15.957790614919103,16.27455462835807,15.705772821557588,15.739640235900879,496132000.0
2022-08-30,15.898024237946384,15.976716986717125,15.123045485635457,15.40793514251709,530181000.0
2022-08-31,15.324260876966457,15.479655236596056,14.900911041431531,15.03538703918457,573710000.0
2022-09-01,14.153823343963365,14.32415979672276,13.218470483091595,13.882880210876465,1178865000.0
2022-09-02,14.045246540395883,14.115969978398423,13.53822233999636,13.594005584716797,743157000.0
2022-09-06,13.67767894562563,13.72549288368182,13.299154469269991,13.412712097167969,535751000.0
2022-09-07,13.514346107743526,13.788360189278626,13.298124529340985,13.664804458618164,512657000.0
2022-09-08,13.410718326942437,13.957749643269011,13.321041981068236,13.939813613891602,624873000.0
2022-09-09,14.106217483223217,14.42208077071564,14.075329495714405,14.335392951965332,486612000.0
2022-09-12,14.31745676821465,14.49481775493603,14.147069690827237,14.45296859741211,484159000.0
2022-09-13,13.752490135017588,13.872059562410795,13.052011836426038,13.08389663696289,714956000.0
2022-09-14,13.206455290226598,13.242326402784114,12.866678912295647,13.080907821655273,588507000.0
2022-09-15,12.968313711994472,13.185531175680374,12.74412043844494,12.882621765136719,523625000.0
2022-09-16,12.6962911946005,13.164605464480621,12.571739597842733,13.150655746459961,670751000.0
2022-09-19,12.96532227645463,13.41470462187878,12.963329595471533,13.33399486541748,569685000.0
2022-09-20,13.167595196842449,13.434633475375263,13.010161983326146,13.128734588623047,524818000.0
2022-09-21,13.16560415413887,13.980669759694642,13.06297298523187,13.213431358337402,807679000.0
2022-09-22,13.023113598616863,13.101830672720805,12.383417402056564,12.515939712524414,759162000.0
2022-09-23,12.375446418238019,12.565761238087397,12.21303103372741,12.471101760864258,663309000.0
2022-09-26,12.446190542220997,12.613588087290958,12.17018381342835,12.184133529663086,547343000.0
2022-09-27,12.462135725855696,12.690314364148412,12.21402932430884,12.368473052978516,553854000.0
2022-09-28,12.365481627957845,12.777000185243523,12.309682759242014,12.690312385559082,542414000.0
2022-09-29,12.403348375701784,12.455161894796301,11.903149218445288,12.176166534423828,532763000.0
2022-09-30,12.043641657389104,12.587683536419725,12.031684619918396,12.095455169677734,565638000.0
2022-10-03,12.30271017308679,12.632523169207891,12.061577674019702,12.467118263244629,547478000.0
2022-10-04,12.832801128271297,13.17257847359488,12.832801128271297,13.119768142700195,584182000.0
2022-10-05,12.864684062084223,13.273213099308617,12.575724429638687,13.161614418029785,507131000.0
2022-10-06,13.172579270869328,13.607015181430027,13.055998379683974,13.082901954650879,644157000.0
2022-10-07,12.460141479897947,12.624549544676155,11.978874322115674,12.03268051147461,672478000.0
2022-10-10,11.993821701559334,12.080509516858074,11.367078280478221,11.628138542175293,698699000.0
2022-10-11,11.519530328501197,11.803507875660943,11.242527641790893,11.544441223144531,667482000.0
2022-10-12,11.537465911080686,11.692905516404727,11.304305077714478,11.458748817443848,492590000.0
2022-10-13,10.931644516028966,12.034673832144149,10.774211301684586,11.917097091674805,850103000.0
2022-10-14,12.013748081279001,12.06755426824253,11.16380836002219,11.186725616455078,713432000.0
2022-10-17,11.476682407821523,11.905140220648137,11.47568654235639,11.845355033874512,580774000.0
2022-10-18,12.29972073933894,12.447189613338601,11.576325138914761,11.924073219299316,659362000.0
2022-10-19,11.836386661619711,12.305697731615245,11.791548012253855,12.007769584655762,523131000.0
2022-10-20,12.069547352328092,12.723194242073287,12.061575677964084,12.150257110595703,652398000.0
2022-10-21,12.054601866532238,12.453167564548195,11.844359270919771,12.421281814575195,609494000.0
2022-10-24,12.46313123131559,12.664406275262714,12.02072372059677,12.553804397583008,517457000.0
2022-10-25,12.648465797577563,13.252291971392953,12.6185727259184,13.213431358337402,505482000.0
2022-10-26,12.822836454280946,13.339973788252896,12.662413746395243,12.849739074707031,532953000.0
2022-10-27,13.581106467465899,13.788360510627266,13.07492839668743,13.128734588623047,583113000.0
2022-10-28,13.056995159747698,13.800319496329138,13.014149183187982,13.78437614440918,521040000.0
2022-10-31,13.728576716312174,13.788361907995785,13.249302168056532,13.44858455657959,486341000.0
2022-11-01,13.761458357625319,13.875049746891053,13.470505974860513,13.494420051574707,432817000.0
2022-11-02,13.800318290781895,14.159026573083835,13.163610543300285,13.171581268310547,672628000.0
2022-11-03,12.996212781616933,13.731565367636188,12.909524971705448,13.372856140136719,500065000.0
2022-11-04,13.935828645472183,14.177956971752689,13.647864854214127,14.105218887329102,612576000.0
2022-11-07,14.176962450071352,14.360302439141222,13.903946098084313,14.249700546264648,410061000.0
2022-11-08,14.747906191962752,14.837583500238217,14.165004638425565,14.549620628356934,595292000.0
2022-11-09,14.111198522670565,14.160023489846735,13.709644264687311,13.726583480834961,454414000.0
2022-11-10,14.746909510215898,15.716418731024099,14.49481681539553,15.693501472473145,700819000.0
2022-11-11,15.75029472497801,16.33020665970529,15.426460807751228,16.268428802490234,655487000.0
2022-11-14,16.15982401511625,16.480669454615672,15.86488533252821,16.236547470092773,527852000.0
2022-11-15,16.66201530534491,16.93702431634431,16.323234794348377,16.606216430664062,545876000.0
2022-11-16,16.104024034799696,16.30330545087524,15.816060231495598,15.852927207946777,649547000.0
2022-11-17,15.658629484135167,16.207653606331878,15.479274851083211,15.620765686035156,710894000.0
2022-11-18,15.90872657967121,15.944598642065296,15.065761621009438,15.35372543334961,492072000.0
2022-11-21,15.092667972598479,15.421484185487031,15.025907914116598,15.26205825805664,404739000.0
2022-11-22,15.273017439942477,16.00039937204481,15.067756049737582,15.980470657348633,472866000.0
2022-11-23,16.040252289045704,16.467714217291594,15.990432410924427,16.459741592407227,427241000.0
2022-11-25,16.259461822201303,16.427854276789194,16.113985671814362,16.211633682250977,167934000.0
2022-11-28,15.968512050766721,16.298325994560756,15.668593078367639,15.77022647857666,303741000.0
2022-11-29,15.770224418844657,15.874848252781751,15.464326492119582,15.58289909362793,298384000.0
2022-11-30,15.644692293883454,16.873584309435355,15.54502609510109,16.866607666015625,565298000.0
2022-12-01,16.942351563411925,17.207463965478787,16.579564270117494,17.077898025512695,470977000.0
2022-12-02,16.60348724039677,16.876574351409886,16.390199657775565,16.81976318359375,371389000.0
2022-12-05,16.623419660375163,16.938366605030453,16.417108738331706,16.554649353027344,352255000.0
2022-12-06,16.474919041618143,16.51777502605684,15.766287810992363,15.933728218078613,352694000.0
2022-12-07,15.719447027343028,16.132068063074126,15.614796399611805,16.066287994384766,372388000.0
2022-12-08,16.218775465562125,17.12175660926792,15.905820703517822,17.11178970336914,515456000.0
2022-12-09,17.102819869864998,17.5244106979877,16.918436852955416,16.94434928894043,465338000.0
2022-12-12,16.98023035941477,17.479560391399467,16.74103030994318,17.47657012939453,457328000.0
2022-12-13,18.469249909930564,18.72738762856205,17.651982672461422,18.01177978515625,656589000.0
2022-12-14,17.927063332040404,18.19118159319031,17.361953248979066,17.6151065826416,496888000.0
2022-12-15,17.088865417042985,17.26228539533921,16.64435244524807,16.895511627197266,478542000.0
2022-12-16,16.80780430040909,16.98421452775994,16.355316696171542,16.515779495239258,478232000.0
2022-12-19,16.516777854754576,16.55365331311345,16.091200695343332,16.19983673095703,354039000.0
2022-12-20,16.01047455766742,16.255655184218554,15.799181990346474,16.031404495239258,403260000.0
2022-12-21,16.060304842306547,16.571595897427166,16.048343794868938,16.446014404296875,325025000.0
2022-12-22,16.040369896727526,16.084223899243984,14.832408745526728,15.287885665893555,565045000.0
2022-12-23,15.14536375199491,15.287886895394593,14.83340700919184,15.155330657958984,349326000.0
2022-12-27,15.023769443130346,15.049682826445732,14.009161111934528,14.073945045471191,464902000.0
2022-12-28,13.880592209011148,14.214475953122395,13.837735273982746,13.989229202270508,351066000.0
2022-12-29,14.354009920900088,14.634072755943127,14.179592867751314,14.554339408874512,354923000.0
2022-12-30,14.286235193865508,14.580252256779966,14.185571918188986,14.565302848815918,310490000.0
2023-01-03,14.801512873667992,14.946030156445817,14.049028593833635,14.267298698425293,401277000.0
2023-01-04,14.518457369356272,14.803503604418882,14.193543517673458,14.699850082397461,431324000.0
2023-01-05,14.442712138646769,14.515468836750369,14.100854699285643,14.2174654006958,389168000.0
2023-01-06,14.42576814608272,14.959982279736408,13.987234779976571,14.80948543548584,405044000.0
2023-01-09,15.233070349137327,16.002497216572273,15.090546259586656,15.575923919677734,504231000.0
2023-01-10,15.455327619136956,15.908811394296471,15.42044439804722,15.855988502502441,384101000.0
2023-01-11,15.787214829354719,15.974588063145106,15.511137480198716,15.947677612304688,353285000.0
2023-01-12,16.046352430023713,16.581561807242853,15.440377637088012,16.455982208251953,551409000.0
2023-01-13,16.22375667699758,16.865611678653806,16.11113426118995,16.842687606811523,447287000.0
2023-01-17,16.842689261696506,17.668927336507764,16.842689261696506,17.64301300048828,511102000.0
2023-01-18,17.608126319924487,17.813439222153065,17.224409065517293,17.319093704223633,439624000.0
2023-01-19,16.979224185322746,17.13968882925192,16.67524224201225,16.70912742614746,452932000.0
2023-01-20,16.954316196674295,17.796501732635843,16.76893705940326,17.779558181762695,564967000.0
2023-01-23,18.00380774628692,19.18087416913429,17.758629060077922,19.129047393798828,655163000.0
2023-01-24,18.764265416274096,19.430040716014094,18.75728877168834,19.2008056640625,496204000.0
2023-01-25,18.849976169985318,19.30545403532492,18.518085645970668,19.258609771728516,449537000.0
2023-01-26,19.635350144248754,20.0988007667648,19.213759381728458,19.736013412475586,489535000.0
2023-01-27,19.39715101578,20.55926617927685,19.34034173496809,20.297142028808594,542142000.0
2023-01-30,19.883522650362398,20.07288815679004,19.086187298640233,19.098148345947266,488611000.0
2023-01-31,19.106119508648174,19.621396897100432,18.88685330332513,19.47189712524414,498017000.0
2023-02-01,19.625387611698173,21.121385582722432,19.545654255705372,20.87321662902832,660477000.0
2023-02-02,20.93002440394146,21.87586158032404,20.631024815710933,21.636661529541016,564276000.0
2023-02-03,20.93001883755329,21.67253700894129,20.7197215405838,21.029685974121094,429366000.0
2023-02-06,20.736668439852636,21.49812252080445,20.716734629117404,21.018726348876953,452197000.0
2023-02-07,21.31075078020512,22.184829243176587,21.07952350178786,22.0991153717041,664150000.0
2023-02-08,22.31240089472821,22.801765903840348,21.934664092168923,22.13100814819336,559651000.0
2023-02-09,22.530668289120996,22.94328822764602,22.046287782724328,22.262563705444336,523876000.0
2023-02-10,21.617718586227898,22.004424161513008,20.741648143531805,21.194133758544922,550737000.0
2023-02-13,21.466229945466377,21.974530722285284,20.89214911284721,21.715396881103516,474919000.0
2023-02-14,21.506097057062863,22.972196070287414,21.294803588437638,22.89445686340332,675474000.0
2023-02-15,22.473862854052438,22.77884296898915,22.032340112236056,22.688146591186523,420575000.0
2023-02-16,22.059246323523663,22.474856585066412,21.853933394359046,21.92868423461914,412026000.0
2023-02-17,21.5589207949287,21.66755683538447,20.905106608670902,21.316730499267578,465888000.0
2023-02-21,20.93002371650124,21.422377090666945,20.54929664883601,20.58617401123047,410015000.0
2023-02-22,20.637996890010594,21.03367329167558,20.352948752679065,20.684839248657227,513184000.0
2023-02-23,23.361895229769775,23.80840238655534,22.94827715434689,23.585147857666016,1117995000.0
2023-02-24,23.147606985640458,23.39577778263142,22.870533495406775,23.208402633666992,589716000.0
2023-02-27,23.59112499865335,23.800424307289973,23.37584516662916,23.422687530517578,452994000.0
2023-02-28,23.294117844928124,23.745609343959064,23.128670637340598,23.13863754272461,455963000.0
2023-03-01,23.114713487023835,23.178501290622606,22.432992860829053,22.622360229492188,460026000.0
2023-03-02,22.413065090524846,23.302091014748385,22.35725003920354,23.236310958862305,389415000.0
2023-03-03,23.24229019406714,23.82035737741727,23.05292280095457,23.81039047241211,412393000.0
2023-03-06,23.81139425887619,24.167203158646693,23.408739183345446,23.47551727294922,437429000.0
2023-03-07,23.525353628386604,24.04869267419401,23.167487988654617,23.214340209960938,515154000.0
2023-03-08,23.412709959422333,24.12345598243845,23.34990950267541,24.104515075683594,513573000.0
2023-03-09,24.098534615353046,24.37665338080257,23.309039864365545,23.361873626708984,501257000.0
2023-03-10,23.334956536006658,23.55226740158579,22.65411633700963,22.89236068725586,474866000.0
2023-03-13,22.680036313439018,23.224308845911295,22.22647555282617,22.89335823059082,421890000.0
2023-03-14,23.421682859195702,24.14239559716936,23.385795524923413,23.986888885498047,474910000.0
2023-03-15,23.68584522635948,24.20918430620047,23.286114490388712,24.151369094848633,524486000.0
2023-03-16,23.95100522634043,25.507066846417814,23.81842456983862,25.460216522216797,583253000.0
2023-03-17,25.899814194990817,26.31549495979066,25.58680635854396,25.643627166748047,848547000.0
2023-03-20,25.533978703666488,25.94168541899632,25.050512165831673,25.818077087402344,432747000.0
2023-03-21,26.097193730071265,26.30852307379936,25.300721156644958,26.116132736206055,547408000.0
2023-03-22,26.34141790205971,27.50173767157012,26.154012813178745,26.3842830657959,797295000.0
2023-03-23,27.02923780216144,27.412024025202122,26.60558279418749,27.104997634887695,564889000.0
2023-03-24,26.945501524795564,27.08107103959281,26.27163910855887,26.694297790527344,454920000.0
2023-03-27,26.752112468073136,26.91459699343309,26.281605317466703,26.447080612182617,361026000.0
2023-03-28,26.36334732054611,26.42913854404045,25.768235539667923,26.32646369934082,356104000.0
2023-03-29,26.740153636460196,26.99235175803325,26.51287415863534,26.898649215698242,393694000.0
2023-03-30,27.142876388177367,27.412022850595726,27.016277275445294,27.296388626098633,364516000.0
2023-03-31,27.054154149877146,27.745959234891043,27.019265008815836,27.68914031982422,433933000.0
2023-04-03,27.421989811329777,27.911436002639256,27.249536675681906,27.87654685974121,398716000.0
2023-04-04,27.877543026671038,27.911435879998983,27.220627051021687,27.366165161132812,368592000.0
2023-04-05,26.74414297141955,26.912607163282487,26.31151565571502,26.795978546142578,515015000.0
2023-04-06,26.49991459021249,26.994346033960124,26.34341159102696,26.95148277282715,397654000.0
2023-04-10,26.738160454997114,27.53363676470612,26.584648216789198,27.491769790649414,395279000.0
2023-04-11,27.636311817588748,27.70210304890554,27.040201775147455,27.083066940307617,314378000.0
2023-04-12,27.28342808388289,27.381117678822534,26.36434353627186,26.411195755004883,446259000.0
2023-04-13,26.649438069211914,26.801953999694348,26.24572032443633,26.379295349121094,353615000.0
2023-04-14,26.420166433717664,26.79796735162646,26.137064342301827,26.673362731933594,395660000.0
2023-04-17,26.480973631209377,26.920578703015185,26.34939118660513,26.91659164428711,321471000.0
2023-04-18,27.445911825397904,28.021086392851622,27.270467934497674,27.579486846923828,604812000.0
2023-04-19,27.274458372050166,27.91143718116391,27.145866682608375,27.842655181884766,358660000.0
2023-04-20,27.583478463404116,27.941344132346945,26.91460125196495,27.018272399902344,427713000.0
2023-04-21,26.866750601318966,27.09702084669948,26.637478546679382,27.033222198486328,345103000.0
2023-04-24,26.9275609756168,27.279443208222265,26.58664173033635,26.95646858215332,339282000.0
2023-04-25,26.99234953614374,27.160815601118838,26.14204889645108,26.157997131347656,378527000.0
2023-04-26,26.91658727497783,27.24354885339169,26.620525872019474,26.870731353759766,406337000.0
2023-04-27,27.276448822954162,27.4080312626638,26.54078232749637,27.139881134033203,377161000.0
2023-04-28,27.138887339013703,27.670200494580325,26.985373211032865,27.661230087280273,292216000.0
2023-05-01,27.751938771765403,28.966086497059674,27.692129091591358,28.818553924560547,570329000.0
2023-05-02,28.589287963225,28.74479468571271,27.994176100521553,28.120773315429688,402730000.0
2023-05-03,27.75193973878234,28.27727321647942,27.38510372531901,27.714059829711914,383387000.0
2023-05-04,27.563538380203276,27.77088065437449,27.153839081492926,27.474821090698242,321850000.0
2023-05-05,27.737986024481625,28.66404652957751,27.64328719583459,28.589284896850586,361494000.0
2023-05-08,28.4317819808544,29.127574105075855,28.26032704979517,29.058792114257812,344979000.0
2023-05-09,28.807594450396753,28.881359799846795,28.360015202328924,28.48063087463379,314869000.0
2023-05-10,28.91325569457964,29.02091579172388,28.370977656526804,28.793636322021484,369350000.0
2023-05-11,28.80460292458763,28.858432976365187,28.15665923092003,28.487607955932617,322149000.0
2023-05-12,28.438763778969957,28.688971234445617,27.957291677344866,28.250362396240234,274222000.0
2023-05-15,28.417829411901007,28.877371722844355,28.062956433881705,28.861421585083008,293926000.0
2023-05-16,28.749774743963638,29.775521221273998,28.740804336785136,29.12059783935547,449405000.0
2023-05-17,29.49042519794485,30.103479719693794,29.336912970483333,30.08254623413086,432535000.0
2023-05-18,30.31381549594501,31.72732974738972,30.22410000650582,31.577804565429688,748725000.0
2023-05-19,31.436252487669602,31.480113941471256,30.818214581828073,31.16511344909668,473908000.0
2023-05-22,30.803258976791746,31.420302459294863,30.582959233506156,31.077390670776367,372000000.0
2023-05-23,30.9019443296342,31.18903346729931,30.53411202557799,30.590930938720703,356253000.0
2023-05-24,30.114444604983657,30.510190153140588,29.71172312962193,30.441408157348633,721419000.0
2023-05-25,38.40115657089839,39.35513045921453,36.51912753379368,37.8598747253418,1543911000.0
2023-05-26,37.77015525878446,39.04610546738504,37.431230509295986,38.82281494140625,714397000.0
2023-05-30,40.4666011461992,41.8053518099001,39.82264450499864,39.984130859375,923401000.0
2023-05-31,39.36309242889398,40.16753897447458,37.70236187467744,37.714324951171875,1002580000.0
2023-06-01,38.367253104154614,39.92331629567859,38.218726142988906,39.644203186035156,635873000.0
2023-06-02,39.970171105133474,40.37189627228211,38.934456059073696,39.202606201171875,482731000.0
2023-06-05,38.785927762163986,39.43985101130171,38.584567040791214,39.04710006713867,396094000.0
2023-06-06,38.707187926911864,39.03614220536465,38.02734198652988,38.531742095947266,388729000.0
2023-06-07,38.79592485025507,39.37813750275476,37.2416933197928,37.360328674316406,511998000.0
2023-06-08,37.60857182578051,38.74508306628558,37.39024395636986,38.39216613769531,417772000.0
2023-06-09,38.91754848393105,39.58948588191824,38.448989234454245,38.6513671875,427717000.0
2023-06-12,39.08005218877828,39.4090404400651,38.49983232769968,39.36118698120117,388701000.0
2023-06-13,40.06303253313572,40.97523356570902,39.61839813533891,40.8964729309082,613208000.0
2023-06-14,40.69908893155934,42.86842954641151,40.42791802705582,42.865440368652344,740465000.0
2023-06-15,42.47164881165265,43.15654702262012,42.018039182120376,42.522491455078125,568622000.0
2023-06-16,43.31704703395712,43.5872177031006,42.53045985415552,42.56136703491211,655709000.0
2023-06-20,42.86643864335991,43.85540396507537,42.543428689005886,43.67395782470703,451153000.0
2023-06-21,43.36789026011788,43.481543651220214,41.951240766861545,42.91328430175781,551603000.0
2023-06-22,42.12370403758317,43.29311498837631,42.104764976671774,42.89334487915039,417737000.0
2023-06-23,42.33406622553571,42.678007983073286,41.88643880055925,42.0798454284668,358140000.0
2023-06-26,42.33107741154621,42.63315169907878,39.97730148068593,40.50767517089844,594322000.0
2023-06-27,40.6741595987626,41.81166711553178,40.32423568672819,41.74786376953125,462175000.0
2023-06-28,40.53558567810239,41.716961105450416,40.39402188289312,40.991188049316406,582639000.0
2023-06-29,41.430838173608656,41.4727094781301,40.47576930987673,40.69709014892578,380514000.0
2023-06-30,41.55247077216965,42.41980774252162,41.37401761190044,42.17256546020508,501148000.0
2023-07-03,42.38689642071777,42.76673107922371,42.072861688736154,42.2832145690918,198209000.0
2023-07-05,42.00607294813804,43.04488443654503,41.95622669958026,42.18751907348633,323618000.0
2023-07-06,41.71596810959315,42.04994216880029,41.21949078738844,41.97417449951172,303582000.0
2023-07-07,42.192505558452375,43.08177839649904,42.050941741012366,42.37295150756836,355881000.0
2023-07-10,42.52647931127871,42.680007431696076,41.521560371587725,42.05093765258789,353908000.0
2023-07-11,42.35100950902143,42.6271623304336,41.938278668558176,42.27524185180664,298244000.0
2023-07-12,42.90132167106193,43.800562012799624,42.64610450369037,43.767662048339844,481277000.0
2023-07-13,44.38177994624532,46.01376808541058,44.35585853064173,45.8363151550293,478204000.0
2023-07-14,46.44046575236375,47.94086182574558,44.92212700668265,45.32987594604492,772075000.0
2023-07-17,46.147361621458764,46.353725148743315,45.123503715655524,46.31883239746094,510488000.0
2023-07-18,46.55809821761458,47.749441291791726,45.594058117307526,47.348670959472656,569164000.0
2023-07-19,47.31876207580257,47.67167893614477,46.598971255607864,46.932945251464844,427502000.0
2023-07-20,46.36469382160293,46.942920912803515,44.9241156620399,45.380714416503906,537865000.0
2023-07-21,45.647902434018036,45.725666701161394,43.9650674160863,44.17342758178711,963769000.0
2023-07-24,44.59412592293156,44.97097143505105,43.90524224115585,44.47549057006836,382516000.0
2023-07-25,44.803485791149136,46.04168213917605,44.7855393181674,45.53922653198242,348081000.0
2023-07-26,45.880174896089954,45.91207846635212,44.49343253495804,45.31291580200195,364237000.0
2023-07-27,46.37665740516835,47.24997638304764,45.61000946610031,45.759552001953125,455976000.0
2023-07-28,46.525202843607126,46.883105518604516,46.23908226392985,46.60695266723633,331194000.0
2023-07-31,46.610935000793745,46.98578389821118,46.36369278218995,46.58600997924805,251055000.0
2023-08-01,46.31783562150429,46.75649169459333,45.88616190163857,46.36469268798828,237858000.0
2023-08-02,45.69076177542876,45.699733110392835,43.254239992985966,44.133541107177734,530142000.0
2023-08-03,43.665971916513115,44.97993964791756,43.665971916513115,44.3787841796875,324176000.0
2023-08-04,44.84734857341807,45.50233587133729,44.25716100939372,44.54328155517578,362666000.0
2023-08-07,44.972970743442104,45.400658953676526,44.426647163135996,45.27803421020508,322154000.0
2023-08-08,44.71576081749796,45.10357050648728,43.92119857113271,44.527339935302734,353843000.0
2023-08-09,44.138528337331145,44.17641407263371,42.005076934408166,42.42379379272461,586449000.0
2023-08-10,42.03100536995648,43.440680497496174,41.70699899277936,42.25830841064453,492705000.0
2023-08-11,41.623246353337215,41.889431464332574,40.51464942799337,40.72998809814453,533085000.0
2023-08-14,40.36211972462702,43.665978621737146,40.187655955736346,43.61912155151367,690286000.0
2023-08-15,44.42365526404346,45.12948908567366,43.576253839259216,43.80554962158203,676512000.0
2023-08-16,44.38377612065419,44.53830062758481,43.27318256792619,43.35293960571289,527451000.0
2023-08-17,43.83545631480397,43.927173858554056,42.86941961752367,43.21137237548828,452395000.0
2023-08-18,42.504538056513674,43.44465333013322,41.5325230130091,43.166507720947266,583768000.0
2023-08-21,44.35785535241688,46.920987674468684,44.08668826541733,46.82328796386719,692573000.0
2023-08-22,47.98771355577138,48.03955639191804,45.19428904679984,45.528263092041016,755293000.0
2023-08-23,45.72565711329878,47.05557488119282,45.06966956482349,46.971832275390625,779046000.0
2023-08-24,50.06234798957418,50.11219423827407,47.014702631702306,47.0186882019043,1156044000.0
2023-08-25,46.86814754737519,47.658720291728024,44.8862279220612,45.87718963623047,925341000.0
2023-08-28,46.33977183033874,46.836249134555814,44.750651224061855,46.69169235229492,685192000.0
2023-08-29,46.5232082617889,48.93081957760332,46.249048206065815,48.634727478027344,701397000.0
2023-08-30,48.893934114542816,49.77423173710802,48.27682864513261,49.11326217651367,735206000.0
2023-08-31,49.228904516562515,49.59178914058814,48.8081949008338,49.2039794921875,528570000.0
2023-09-01,49.60972543867931,49.647607360692334,47.99468002667671,48.360557556152344,463830000.0
2023-09-05,48.07545346857959,48.701534160638424,47.71356516049565,48.39945983886719,382653000.0
2023-09-06,48.296759777568035,48.40443608798967,46.441301191181296,46.920867919921875,468670000.0
2023-09-07,45.38943829933542,46.20599974475195,45.01754791417301,46.10330581665039,433330000.0
2023-09-08,45.805199355822154,46.46721981309031,45.13619596961709,45.43629837036133,473069000.0
2023-09-11,46.0105773827957,46.025532106638835,44.180046160311996,45.0434684753418,473966000.0
2023-09-12,44.60478985503896,45.53700722588891,44.398405475235194,44.73639678955078,349256000.0
2023-09-13,44.46719292129203,45.79323440179784,44.37048163678398,45.34955978393555,398355000.0
2023-09-14,45.81317890696642,45.8500674873585,44.99661733815953,45.44527816772461,370097000.0
2023-09-15,45.2059787843747,45.46320990888578,43.67754295698432,43.76927185058594,506831000.0
2023-09-18,42.62070760166484,44.110258303658966,41.874933874444345,43.835079193115234,500271000.0
2023-09-19,43.702475243933286,43.83507862136541,42.873948499445426,43.39040756225586,373064000.0
2023-09-20,43.470167525058194,43.772266659114486,42.097269015445136,42.11322021484375,367108000.0
2023-09-21,41.45917578549763,41.97463457715853,40.85797073876032,40.894859313964844,450736000.0
2023-09-22,41.448210386933276,41.98959657847822,41.10822617218465,41.48609924316406,479236000.0
2023-09-25,41.46715750384496,42.409343350786685,41.054388777119094,42.09627914428711,419091000.0
2023-09-26,41.875929814501234,42.69249125804407,41.53095945617028,41.786197662353516,402282000.0
2023-09-27,42.20395172792175,42.744337580019156,41.50503894981491,42.34153747558594,444935000.0
2023-09-28,42.33356473794384,43.31662875856255,41.98959464052307,42.960693359375,424663000.0
2023-09-29,43.696494927606466,44.01255232767132,43.178042888017536,43.36947250366211,397830000.0
2023-10-02,43.898891446595,45.04048245716081,43.73039595276652,44.64865493774414,433298000.0
2023-10-03,44.67456903988094,44.995612589410996,43.117220102153354,43.387413024902344,470850000.0
2023-10-04,43.61174546536846,44.01155233952571,43.163084716605525,43.909854888916016,361821000.0
2023-10-05,43.918830935362585,44.7663021604217,43.75731457253386,44.554931640625,393483000.0
2023-10-06,44.061400612321464,45.65264863116873,43.89489809603468,45.625728607177734,434436000.0
2023-10-09,44.70847483791379,45.46920337034592,44.235887222293606,45.13819122314453,409675000.0
2023-10-10,45.17507908955567,46.12125070086953,44.95374003044169,45.661624908447266,368582000.0
2023-10-11,46.058434229249364,46.71946192056243,45.91286908713578,46.66661834716797,378137000.0
2023-10-12,46.63771490362162,47.46723822927066,46.19204731268838,46.805213928222656,481325000.0
2023-10-13,46.82016719199545,46.97570471236393,45.145169391645375,45.32563018798828,474115000.0
2023-10-16,44.92881235422657,46.0873509348349,44.778261024252274,45.957740783691406,375099000.0
2023-10-17,43.868986531873404,44.62074305005794,42.35351199528077,43.80717086791992,812333000.0
2023-10-18,42.464174898094846,43.090307040885016,41.700456999229225,42.070350646972656,627294000.0
2023-10-19,42.68352429308483,43.168077212016314,41.757289685675055,41.97563934326172,501233000.0
2023-10-20,41.76526014616155,42.34353485879464,40.955677830477995,41.26375961303711,477266000.0
2023-10-23,41.10623502417962,43.119224175669935,40.82308027803106,42.8470344543457,478530000.0
2023-10-24,42.94873956939311,43.56689247851702,42.563891090564596,43.53299331665039,401463000.0
2023-10-25,43.26877302407248,43.52002535417708,41.43126239759443,41.65459442138672,398379000.0
2023-10-26,41.7283746394427,42.13017450154096,39.7612500826686,40.2059211730957,541001000.0
2023-10-27,41.00753500726344,41.083308927510735,39.895853286488325,40.37940979003906,416784000.0
2023-10-30,40.96465211390715,41.64162722288695,40.36045387343674,41.038429260253906,388028000.0
2023-10-31,40.329553945294535,40.75727737613491,39.11318548755272,40.6585693359375,517969000.0
2023-11-01,40.762256048704266,42.25479998188949,40.747301323669774,42.19896697998047,437593000.0
2023-11-02,43.19898202777144,43.75332619208585,42.76627622905822,43.3764533996582,409172000.0
2023-11-03,43.888919424366684,45.174078747791896,43.59280293696078,44.87098693847656,424610000.0
2023-11-06,45.15015696243412,45.798223011195105,44.765304753189504,45.614768981933594,400733000.0
2023-11-07,45.582863690228386,46.080374555632474,45.02353336587058,45.81816101074219,343165000.0
2023-11-08,45.96272659241924,46.72744479735544,45.83111967900613,46.43531799316406,346719000.0
2023-11-09,47.32565472798377,48.08638320008785,46.610790709948866,46.81019592285156,540496000.0
2023-11-10,47.35855787314543,48.32766364227746,47.14220498356334,48.191070556640625,421245000.0
2023-11-13,48.176113818422,48.96974494304787,47.9557712363459,48.4752197265625,384136000.0
2023-11-14,49.53207498617207,49.68561577211886,48.89398123487497,49.50814437866211,416954000.0
2023-11-15,49.78630718435211,49.811230458479834,48.05647298035821,48.74242401123047,475497000.0
2023-11-16,48.53405091082967,49.37753247238456,48.18609109090698,49.332664489746094,339756000.0
2023-11-17,49.37653194691317,49.56895804695832,48.861073108178935,49.151206970214844,325205000.0
2023-11-20,49.165169788318394,50.397489558773835,49.03455933420522,50.25890350341797,414120000.0
2023-11-21,49.97674154704206,50.36657612795036,49.07543401602206,49.795284271240234,565747000.0
2023-11-22,49.703557028583894,50.18511670142029,47.547992253967436,48.57093811035156,899420000.0
2023-11-24,48.32567320692598,48.77533048753054,47.60282974083701,47.63373947143555,294645000.0
2023-11-27,47.65766154840481,48.38548731555285,47.510103445888454,48.09834671020508,395662000.0
2023-11-28,48.09236930689928,48.17911204503058,47.33164078012809,47.67860412597656,401491000.0
2023-11-29,48.23494506927642,48.616804044774916,47.71748947427739,47.99665451049805,382005000.0
2023-11-30,47.88100118212253,47.96674744990859,46.283773941411816,46.6307373046875,526247000.0
2023-12-01,46.38646445632827,47.05945375436282,46.04946966832762,46.62574768066406,369317000.0
2023-12-04,45.939790296925786,45.939790296925786,44.87596630034032,45.37447738647461,437543000.0
2023-12-05,45.33459997495961,46.46532151700449,45.140163841646064,46.43142318725586,371718000.0
2023-12-06,47.07854443551646,47.25004822206123,45.2807538725136,45.371490478515625,380590000.0
2023-12-07,45.56792383673814,46.49423979899288,45.47220061553475,46.461334228515625,350823000.0
2023-12-08,46.46033928594401,47.60302719608969,46.41546736033398,47.36870574951172,359224000.0
2023-12-11,47.35375382727248,47.39363533790565,45.697554757992016,46.49224853515625,509728000.0
2023-12-12,45.91293129624922,47.528248529944456,45.91293129624922,47.5192756652832,372387000.0
2023-12-13,47.49135110162281,48.45356234904266,47.47041188410191,47.94902420043945,447792000.0
2023-12-14,48.25014760759364,48.52933716331639,47.28494671232897,48.210262298583984,391232000.0
2023-12-15,48.05471911639448,49.261221291787095,47.980931668648175,48.74870681762695,479948000.0
2023-12-18,49.25723229515319,50.28724399732617,49.0079548114807,49.932273864746094,412587000.0
2023-12-19,49.281159865930675,49.55636317420033,48.75368939419547,49.46063995361328,464444000.0
2023-12-20,49.51149468672903,49.854502283693236,47.95899524383034,47.97195816040039,397894000.0
2023-12-21,48.66993565248791,48.953115280045736,48.27906644393615,48.848419189453125,300425000.0
2023-12-22,49.05281239423379,49.24026874781781,48.32691587871469,48.68886947631836,252507000.0
2023-12-26,48.82647939940057,49.45665286845571,48.81850309781851,49.13658142089844,244200000.0
2023-12-27,49.36791528650649,49.536425600159234,48.94314392704513,49.27418518066406,233648000.0
2023-12-28,49.49953586903795,49.739836713811854,49.26920064749609,49.378883361816406,246587000.0
2023-12-29,49.669042752134445,49.85251291877477,48.61011160292398,49.378883361816406,389293000.0
2024-01-02,49.101683898702085,49.152535199799544,47.457451257375006,48.02879333496094,411254000.0
2024-01-03,47.34776550065434,48.04474284454288,47.183241449788504,47.431522369384766,320896000.0
2024-01-04,47.62895205059956,48.35983539054749,47.37070168440111,47.85928726196289,306535000.0
2024-01-05,48.3219492464163,49.40381274244124,48.16639803917808,48.95511245727539,415039000.0
2024-01-08,49.36891016503661,52.1239255155236,49.336004592518634,52.101985931396484,642510000.0
2024-01-09,52.24956456447165,54.16800408255062,51.54061697774943,52.986427307128906,773100000.0
2024-01-10,53.4610522035269,54.442205820352854,53.334416522190715,54.192928314208984,533796000.0
2024-01-11,54.840053191345746,55.18605048150879,53.40521272938546,54.6635627746582,596759000.0
2024-01-12,54.46213984268147,54.8111305781565,54.172980872190166,54.5518798828125,352994000.0
2024-01-16,54.858995015384636,56.67074127144449,54.74133601464206,56.219051361083984,449580000.0
2024-01-17,56.18415935716655,56.30780154944078,54.5818050801591,55.89101028442383,474394000.0
2024-01-18,57.094513264905174,57.43353079531085,55.94484563035105,56.94195556640625,491650000.0
2024-01-19,57.8214070619552,59.3280417723161,57.05961512425851,59.319068908691406,543501000.0
2024-01-22,59.87545295780241,60.15663944433183,58.8992822616046,59.48159408569336,452955000.0
2024-01-23,59.39784070948938,59.736858252012084,58.41568677878363,59.69996643066406,294654000.0
2024-01-24,60.12972459836109,62.66736781993211,59.764781198476165,61.18466567993164,560271000.0
2024-01-25,62.169802358134476,62.53773920716308,60.67413746929077,61.43892288208008,482777000.0
2024-01-26,60.78382411519858,61.60444749366959,60.39794531790314,60.854618072509766,390309000.0
2024-01-29,61.055035142050976,62.30840232360706,60.73097744998884,62.28447341918945,348733000.0
2024-01-30,62.71821799882993,63.309502714007664,62.08006442941247,62.59257888793945,410735000.0
2024-01-31,61.262427961717485,62.089034402842934,60.52456880100295,61.349178314208984,453795000.0
2024-02-01,61.920522012090565,63.00837229900728,61.47182560913307,62.844844818115234,369146000.0
2024-02-02,63.789108872006786,66.40751896695984,63.50592925992764,65.96879577636719,476578000.0
2024-02-05,68.02782694293316,69.29615400361993,67.01077810938553,69.13162994384766,680078000.0
2024-02-06,69.42876454653677,69.55240673067756,66.10839412447636,68.02583312988281,683111000.0
2024-02-07,68.1215684923367,70.01707585875207,67.40464453051837,69.89642333984375,495575000.0
2024-02-08,69.87147502102263,70.58939534958982,69.2542683281726,69.43972778320312,414422000.0
2024-02-09,70.32914813919767,71.97637408306973,70.00907672049794,71.92453002929688,436637000.0
2024-02-12,72.39017991002451,74.39536957580593,71.0440830164451,72.03919982910156,613710000.0
2024-02-13,70.19654512895808,73.23772604754565,69.4188005504822,71.91954803466797,602580000.0
2024-02-14,72.99045103936953,74.02145939035373,71.7301040369102,73.68643188476562,504917000.0
2024-02-15,73.65551186894326,73.76120070674112,72.19075571305264,72.44800567626953,420122000.0
2024-02-16,73.88583908151942,74.18696820662582,72.29146138961607,72.40313720703125,495327000.0
2024-02-20,71.73906612377016,71.74804279084927,67.53824458047887,69.25128173828125,704833000.0
2024-02-21,67.8094614044966,68.68891622407938,66.05654635382845,67.27700805664062,673755000.0
2024-02-22,74.80818688297568,78.34792317872578,74.0055129470122,78.31103515625,865100000.0
2024-02-23,80.55651569183838,82.15587637734276,77.3458203592003,78.58921813964844,829388000.0
2024-02-26,79.46966317926245,80.41293598535317,78.27811704521838,78.8634262084961,503973000.0
2024-02-27,79.1515839793688,79.25030450092336,76.93900277777333,78.47354888916016,391705000.0
2024-02-28,77.39567023328642,78.70487140466068,76.90209811291284,77.43854522705078,393110000.0
2024-02-29,78.8654237167532,79.75883042270817,78.1235705564048,78.88336944580078,507289000.0
2024-03-01,79.7688083599449,82.06216464323185,79.20543871655194,82.04122161865234,479135000.0
2024-03-04,83.88684357717052,87.4415423994426,83.47703595857622,84.99064636230469,615616000.0
2024-03-05,85.02754699331318,85.85219903908474,83.17981882492465,85.71957397460938,520639000.0
2024-03-06,87.7717411927185,89.46889796984821,86.78255724053227,88.44780731201172,582520000.0
2024-03-07,89.90164797406622,92.50323087612081,89.34722911034507,92.40550994873047,608119000.0
2024-03-08,94.86749190765931,97.12306133342042,86.26003174516178,87.27912902832031,1142269000.0
2024-03-11,86.18324958318006,88.54451266458084,83.9266836856204,85.53011322021484,678364000.0
2024-03-12,87.79866017993605,91.69853581019218,85.90505740123257,91.65167236328125,668075000.0
2024-03-13,90.79609497778392,91.2438157981286,88.18354193376186,90.62957000732422,635713000.0
2024-03-14,89.32229914267657,90.38825977857911,86.35375898987144,87.69393920898438,602318000.0
2024-03-15,86.68283850567245,89.29139794365639,86.01175546714047,87.5872573852539,642086000.0
2024-03-18,90.13099363074502,92.14225684199752,86.8373838940454,88.2034912109375,668976000.0
2024-03-19,86.45349454494367,90.28656718338365,84.76830466715785,89.14382934570312,672171000.0
2024-03-20,89.54168157483528,90.15294523438696,87.97215934887909,90.11505126953125,479063000.0
2024-03-21,92.0375720151123,92.38458214165158,90.1479556941056,91.1750259399414,480372000.0
2024-03-22,90.88186017417289,94.50852022791372,90.57573384993215,94.02091217041016,586719000.0
2024-03-25,93.67389990625729,96.49086455465545,93.24412560987103,94.73188018798828,552136000.0
2024-03-26,95.57846759747075,96.10097979295517,92.23899068459922,92.29782104492188,513648000.0
2024-03-27,92.8472628285773,92.97489725482532,88.8696059634602,89.99340057373047,586067000.0
2024-03-28,89.74410000319172,91.04040671298513,88.93939536436407,90.09909057617188,435212000.0
2024-04-01,90.04225806770008,91.96277679415357,88.9503702442798,90.10607147216797,452441000.0
2024-04-02,88.19651163521841,89.83783523468522,87.37087059473389,89.19766235351562,433064000.0
2024-04-03,88.23242853900666,90.11705439114243,88.14866772814298,88.7110595703125,370067000.0
2024-04-04,90.1489453998678,90.3763015666953,85.63581327474101,85.6607437133789,434965000.0
2024-04-05,86.61901544259366,88.22942906906539,85.68169327218381,87.75777435302734,399678000.0
2024-04-08,88.44779211337963,88.57742734725042,86.48539311445134,86.88525390625,283220000.0
2024-04-09,87.19337337953033,87.38582540473588,82.7859427996773,85.1113052368164,501700000.0
2024-04-10,83.68737890315158,87.15150043777531,83.47099303047223,86.7915267944336,431929000.0
2024-04-11,87.17143320524475,90.48099639616545,86.6788421374309,90.35834503173828,431637000.0
2024-04-12,89.44395551817271,89.91860764142923,87.28112393379013,87.93525695800781,426805000.0
2024-04-15,88.84467984546191,90.35537185184616,85.68469109257482,85.75648498535156,443077000.0
2024-04-16,86.18724795044986,87.86745463811035,85.81930143123056,87.16645812988281,370453000.0
2024-04-17,88.08881854088399,88.5225868752461,83.71130127056159,83.79606628417969,495400000.0
2024-04-18,84.72841317391251,85.94494566791495,82.16771376078896,84.43025970458984,447260000.0
2024-04-19,82.91359767384262,84.08425585640761,75.39104730583979,75.98335266113281,875198000.0
2024-04-22,77.88192715774476,79.8453305652036,76.18277728835372,79.29190826416016,596341000.0
2024-04-23,80.53935534918725,82.53366896329221,80.03579390039872,82.18865203857422,438559000.0
2024-04-24,83.71130825195023,83.84293671972377,78.95786360773235,79.4504623413086,512208000.0
2024-04-25,78.64375119701494,83.08608614140688,78.00058847000186,82.39705657958984,424641000.0
2024-04-26,83.57968703669025,88.07985603184983,83.1499127117647,87.48554992675781,551011000.0
2024-04-29,87.34595010949796,87.74181691165053,85.02356957538234,87.50749206542969,388971000.0
2024-04-30,86.99194868469957,88.5664614931565,86.05462655663052,86.15633392333984,363709000.0
2024-05-01,84.83509209424766,85.7554641296908,81.0239535153908,82.80487823486328,559863000.0
2024-05-02,84.20889135183461,85.99180970266082,82.96344197206183,85.57300567626953,377898000.0
2024-05-03,87.53938813243457,89.0271426544853,86.79251724081982,88.53654479980469,398341000.0
2024-05-06,89.13584761213842,91.95780324115003,88.80180099005936,91.8780288696289,376203000.0
2024-05-07,90.83898366205493,91.52004037192769,88.75791956813879,90.2965316772461,437342000.0
2024-05-08,89.22857828050421,90.93471200217493,89.16575387590268,90.15493774414062,325721000.0
2024-05-09,90.27160575755214,90.8130611604946,87.98014293885268,88.49467468261719,378013000.0
2024-05-10,90.04823965753017,91.14112411341107,88.973301771079,89.62245178222656,335325000.0
2024-05-13,90.22073791617511,90.73926364427145,88.2772820639822,90.1419677734375,289680000.0
2024-05-14,89.34423682194762,91.39040419499095,88.6811267433613,91.09624481201172,296507000.0
2024-05-15,92.20908510921412,94.5922892882104,91.33856611429667,94.36094665527344,417735000.0
2024-05-16,94.64014935721045,95.54656142094716,93.83543705567772,94.09071350097656,323952000.0
2024-05-17,94.10069011001252,94.47062985340762,91.54497378951851,92.21605682373047,359691000.0
2024-05-20,93.48345064124587,94.92932496808272,93.17433446559033,94.5105209350586,318764000.0
2024-05-21,93.33287026664621,95.1287520032466,92.915062881723,95.11479187011719,328946000.0
2024-05-22,95.18758628884531,95.74698824605449,92.98387077371804,94.6800308227539,548648000.0
2024-05-23,101.73791493789797,106.0177117858919,101.23135605250833,103.5038833618164,835065000.0
2024-05-24,104.15200681058755,106.17224704806925,102.70712939816647,106.16626739501953,429494000.0
2024-05-28,109.93054862844438,114.61219912037285,109.57057499198291,113.5771484375,652728000.0
2024-05-29,112.7285727659483,115.16362326202471,110.58568085733936,114.49851989746094,557442000.0
2024-05-30,114.32401567603497,115.48969056494155,109.35119576529627,110.1858139038086,484553000.0
2024-05-31,112.20007402311614,112.39652011050696,106.63594514688756,109.3212890625,613263000.0
2024-06-03,113.29795006188645,114.67302703857422,111.68454659500959,114.67302703857422,438392000.0
2024-06-04,115.38699108204422,116.26847269779265,113.72073695926161,116.1059341430664,403324000.0
2024-06-05,118.03444216742467,122.10084264977675,117.13400975669744,122.09187316894531,528402000.0
2024-06-06,123.69528439320365,125.2299099350453,117.98357427866928,120.65396118164062,664696000.0
2024-06-07,119.42947108598517,121.34601121410144,117.6864474461413,120.54429626464844,412386000.0
2024-06-10,120.02775723865274,122.74999082651334,116.6773100476689,121.44371795654297,313434100.0
2024-06-11,121.43373663493091,122.53070514239239,118.41210500224047,120.57611846923828,222551200.0
2024-06-12,122.72018091821553,126.5296321042774,122.23153612962203,124.8542709350586,299595000.0
2024-06-13,129.03269675342705,129.44156821528892,126.8088590238474,129.25209045410156,260704500.0
2024-06-14,129.60114223243076,132.4731792100278,127.9656714477386,131.51583862304688,309320400.0
2024-06-17,132.6227916073861,133.36073857025062,129.22220369566065,130.6183319091797,288504400.0
2024-06-18,130.7778703322321,135.95354113797538,130.3291160023479,135.2056121826172,294335100.0
2024-06-20,139.41396587386305,140.3713064535189,129.16235380151105,130.4188690185547,517768400.0
2024-06-21,126.76898143871918,130.269291272292,123.9567687165166,126.22049713134766,649445800.0
2024-06-24,122.89968290118539,124.1163152101961,117.71404522588668,117.78385162353516,476060900.0
2024-06-25,120.86531009404065,126.1506774907381,118.99050434542877,125.74180603027344,414192600.0
2024-06-26,125.7817056647018,127.76620840809865,122.26145451808375,126.05096435546875,362975900.0
2024-06-27,123.75731038151326,126.06093675176166,122.58056851355609,123.64761352539062,252571700.0
2024-06-28,124.23598924744037,127.35734339260638,122.41104074475835,123.19886016845703,315516700.0
2024-07-01,123.12903917893966,124.49525105867885,118.50185313382865,123.95674896240234,284885500.0
2024-07-02,120.79550474728765,123.06921506851164,120.69578241236393,122.33125305175781,218374000.0
2024-07-03,121.324065820501,127.92578125,121.02489116241942,127.92578125,215749000.0
2024-07-05,127.02824387543221,128.49419337092286,125.33294138222224,125.48252868652344,214176700.0
2024-07-08,127.13793174566909,130.40888035262702,126.6891774727848,127.8459701538086,237677300.0
2024-07-09,129.99007251430768,133.45049207075732,128.29475452643044,131.01722717285156,285366600.0
2024-07-10,133.65991582693005,134.72696865235594,132.0543607420923,134.53749084472656,248978600.0
2024-07-11,135.37514352274295,135.7740328866088,126.69917051710233,127.04820251464844,374782700.0
2024-07-12,127.90582806874107,131.5557253023775,126.86870653322082,128.8831329345703,252680500.0
2024-07-15,130.1994525827971,131.02716234127456,126.82878928350533,128.08531188964844,208326200.0
2024-07-16,128.0853361228611,128.68367018979245,124.23599428065054,126.01107788085938,214769500.0
2024-07-17,121.01490699704938,121.51352631521466,116.39769484983655,117.6641845703125,390086200.0
2024-07-18,121.51352635797906,122.0620106514847,116.23813305693453,120.75562286376953,320979500.0
2024-07-19,120.01767057688257,121.26421889531369,117.04590364640599,117.60435485839844,217223800.0
2024-07-22,120.01766653236042,123.72739542032818,119.52902173833405,123.19886016845703,258068900.0
2024-07-23,122.44096551828241,124.34569507405075,121.76284290265906,122.2514877319336,173911000.0
2024-07-24,118.8409292880146,119.61877422549412,113.12675602679064,113.93451690673828,327776900.0
2024-07-25,112.72785895570485,116.30794209044977,106.00647252262672,111.96995544433594,460067000.0
2024-07-26,115.86915683172242,115.87912373985303,111.27188621900741,112.74779510498047,293399100.0
2024-07-29,113.3760676606231,115.95891218291776,110.99266783046404,111.2818603515625,248152100.0
2024-07-30,111.21203931839821,111.68074265241845,102.25684143468115,103.44355773925781,486833300.0
2024-07-31,112.58824297616627,118.01321595584747,110.57381668062193,116.69686126708984,473174200.0
2024-08-01,117.20544905631927,119.82819139029307,106.51505026446524,108.9084243774414,523462300.0
2024-08-02,103.47347587762454,108.4197782586363,101.09007631034588,106.9737777709961,482027500.0
2024-08-05,91.80579073756999,103.12445587816262,90.43957861096249,100.17262268066406,552842400.0
2024-08-06,103.55326379264082,107.41258033181929,100.27235513846155,103.9621353149414,409012100.0
2024-08-07,107.51228858966286,108.49956025923653,98.41747763354093,98.63687133789062,411440400.0
2024-08-08,101.71833034514779,105.20866520993226,97.25069837056012,104.68013000488281,391910000.0
2024-08-09,105.348288539487,106.30563671378638,103.14439207443418,104.46074676513672,290844200.0
2024-08-12,106.02641463942724,110.76329830179426,105.96658275414626,108.71895599365234,325559900.0
2024-08-13,112.1295177782614,115.90905322658823,111.27189191883488,115.81929779052734,312646700.0
2024-08-14,118.20269875673235,118.27250515954668,113.75501518576698,117.75394439697266,339246400.0
2024-08-15,118.43206727440648,122.89969228155606,117.1456284695593,122.52074432373047,318086700.0
2024-08-16,121.60327554530542,124.6548231821397,120.84537209002657,124.2359848022461,302589900.0
2024-08-19,123.93681555512863,129.64102172851562,123.07918972579691,129.64102172851562,318333600.0
2024-08-20,128.04543898793298,129.52136317375601,125.54237540722741,126.89862060546875,300087400.0
2024-08-21,126.96843015643721,128.99283109530663,126.31025657503493,128.14517211914062,257883600.0
2024-08-22,129.66096486520394,130.3889447703718,122.7600680862335,123.39830017089844,376189100.0
2024-08-23,125.51243939894613,129.24211690201355,124.87420736161047,129.0127410888672,323230300.0
2024-08-26,129.2122143703238,130.89753484404284,124.02656901853358,126.11079406738281,331964700.0
2024-08-27,124.70470624383526,128.84324088713785,123.53793114727517,127.94573211669922,303134600.0
2024-08-28,127.76620894054898,127.97563574905244,122.30134548595971,125.26314544677734,448101100.0
2024-08-29,121.02487540717718,124.08639756190335,116.38771446055243,117.2652816772461,453023300.0
2024-08-30,119.19992897597831,121.41379989153823,116.89631023816276,119.04037475585938,333751600.0
2024-09-03,115.68965834345619,115.88910303086084,106.99373606605621,107.70177459716797,477155100.0
2024-09-04,105.11892359162538,112.95721192187169,103.83248489547353,105.91670989990234,372470300.0
2024-09-05,104.70008464878364,109.34722045042044,104.47072401794104,106.91395568847656,306850700.0
2024-09-06,107.74166341909986,107.85136027800363,100.67123751563678,102.54605102539062,413638100.0
2024-09-09,104.59037402854703,106.25576815185318,103.40366535444588,106.17598724365234,273912000.0
2024-09-10,107.5122906776436,109.09790400275718,104.66018768236026,107.8014907836914,268283700.0
2024-09-11,109.08794174088705,116.86640671242463,107.12338026732812,116.5871810913086,441422400.0
2024-09-12,116.52732649632485,120.46676065848584,115.07123444451854,118.82117462158203,366052700.0
2024-09-13,118.76133738659651,119.6389797203674,117.28529459768677,118.78128051757812,238358300.0
2024-09-16,116.47746652004345,117.8637462195167,114.05396898625607,116.46749114990234,248772300.0
2024-09-17,117.85376774830212,118.48208669803358,114.52270945275087,115.28067016601562,231925900.0
2024-09-18,115.57987289959789,117.38502682895009,112.91701975753097,113.06661987304688,310318900.0
2024-09-19,117.0359679559666,119.33979153223306,116.93623707940027,117.55458068847656,293506400.0
2024-09-20,116.74675151820551,118.30258221910756,115.0812221714436,115.68959045410156,382462400.0
2024-09-23,116.23810026304875,116.67691759238959,114.55262048539709,115.9488754272461,206228500.0
2024-09-24,116.20818172536411,121.47405850127808,115.07123304654733,120.54654693603516,354966800.0
2024-09-25,121.69345582540069,124.60564732192762,121.28455699350084,123.17947387695312,284692900.0
2024-09-26,126.46066959704271,127.32833649308198,121.47405025345233,123.70805358886719,302582900.0
2024-09-27,123.63825663510784,123.69809363981746,118.94086154094774,121.07513427734375,271009200.0
2024-09-30,117.99339197466074,121.17485775300766,117.83382410218941,121.11502075195312,226553700.0
2024-10-01,121.4441210323085,122.11233379004094,115.4801287113044,116.6868896484375,302094500.0
2024-10-02,116.12840510154699,119.06053238913914,114.831880901423,118.53195190429688,221845900.0
2024-10-03,120.59641230247804,124.0272091849403,120.01796257527629,122.52124786376953,277118000.0
2024-10-04,124.60565935860969,124.70539023390367,121.50398120040512,124.58570861816406,243678100.0
2024-10-07,124.65550686574433,130.2903881845544,124.61561299835192,127.37820434570312,346250200.0
2024-10-08,129.9114112143918,133.1227955252644,129.07366275536995,132.5343780517578,285722500.0
2024-10-09,133.75112849037495,134.16003500176663,131.02843810434518,132.29502868652344,246191600.0
2024-10-10,131.55701568457982,134.6387432670493,130.64944717024784,134.44924926757812,242311300.0
2024-10-11,133.65136041631004,135.4166278489941,133.30230620805418,134.4392547607422,170209500.0
2024-10-14,136.10479144805439,139.22642006970023,135.9352482142016,137.7005157470703,232347700.0
2024-10-15,137.5010592255131,138.19919822128062,128.3955011745818,131.2478485107422,377831000.0
2024-10-16,133.6214472599385,136.25438165655956,131.22787606953918,135.35679626464844,264879700.0
2024-10-17,138.96712260930138,140.512977854023,136.50373111006368,136.56356811523438,306435900.0
2024-10-18,138.2989120156457,138.52829226592988,136.9126323168706,137.63070678710938,176090200.0
2024-10-21,137.76036967912168,143.325439453125,137.63071268872676,143.325439453125,264554500.0
2024-10-22,142.52756130979012,144.03351491090646,141.40058044009385,143.2057342529297,226311600.0
2024-10-23,141.649914730207,142.04883820987033,137.09215234233463,139.1865234375,285930000.0
2024-10-24,140.44316244306268,140.9717429059513,138.08947737101022,140.0342559814453,172354900.0
2024-10-25,140.55285615055817,143.74430494634163,140.4232143860229,141.16122436523438,205122100.0
2024-10-28,142.617310298629,142.75693502866474,139.67520798990546,140.14395141601562,173586700.0
2024-10-29,139.91457158033694,141.8793009979601,138.52829188537018,140.87200927734375,157593600.0
2024-10-30,139.16657905851807,139.9544735111022,136.4438889013892,138.9671173095703,179418100.0
2024-10-31,137.2317836775648,137.24175143875112,131.756469630996,132.40472412109375,270039600.0
2024-11-01,134.3395349599235,136.94255111570317,134.2098931927627,135.03765869140625,207127800.0
2024-11-04,136.84284318415706,138.5881603174159,135.2072323079928,135.68594360351562,187528200.0
2024-11-05,137.082190110359,139.99437456292023,136.962516091939,139.53561401367188,160537400.0
2024-11-06,142.57744958861787,146.09800218631347,141.58012556166827,145.22035217285156,242043900.0
2024-11-07,145.9982557303204,148.53145192465237,145.77884323892675,148.48159790039062,207323300.0
2024-11-08,148.3718575159869,149.3691812590464,145.8685651814179,147.2349090576172,175665800.0
2024-11-11,148.28212306443757,148.45168153400843,143.18581210072784,144.87127685546875,182325600.0
2024-11-12,146.3871892091523,149.2495037052901,145.61924560605905,147.8931427001953,198634700.0
2024-11-13,148.67104940779473,148.93034808809526,145.50951992646154,145.8785400390625,191903300.0
2024-11-14,147.24492912817362,148.60129050932605,145.16052541696345,146.36727905273438,194463300.0
2024-11-15,144.48230195229198,144.85132212671857,139.705127384455,141.60003662109375,250132900.0
2024-11-18,139.1266784396513,141.1711953957962,136.7829612819808,139.77493286132812,221205300.0
2024-11-19,140.9418317601378,146.73628163269873,140.61271302151263,146.61659240722656,227834900.0
2024-11-20,147.0155246522584,147.16511715506326,142.34804073132528,145.4995880126953,309871700.0
2024-11-21,148.95033233522298,152.48085228758558,140.3234713661803,146.27749633789062,400946600.0
2024-11-22,145.539474391015,146.7661937868221,140.72241318136372,141.57012939453125,236406200.0
2024-11-25,141.61003096699034,141.66986796819967,135.45654411602544,135.656005859375,344941900.0
2024-11-26,137.33150030488406,138.9272246590056,135.30693397114106,136.5535888671875,190287700.0
2024-11-27,134.64869500572706,136.85278753282546,131.44729379106425,134.97781372070312,226370900.0
2024-11-29,136.41398308030372,138.97711320730366,135.6859407808891,137.8800506591797,141863200.0
2024-12-02,138.45847968192444,140.07413953973298,137.45118801543165,138.25901794433594,171682800.0
2024-12-03,137.89002585394636,140.16392360539365,137.58085781498016,139.88467407226562,164414000.0
2024-12-04,141.61999054867616,145.39984134699782,139.91456002292938,144.7515869140625,231224300.0
2024-12-05,144.73166589534063,146.15793025557377,143.57468662612678,144.68179321289062,172621200.0
2024-12-06,144.2230061514487,145.32012910905055,140.9415752898697,142.06863403320312,188505600.0
2024-12-09,138.60766082087318,139.58510137793925,136.77246195727844,138.4480743408203,189308600.0
2024-12-10,138.6475487860502,141.4502349567079,133.44115786086326,134.71783447265625,210020900.0
2024-12-11,137.00184953896905,139.8045203384501,134.85746151474785,138.94676208496094,184905200.0
2024-12-12,136.72258646567687,138.07904108019704,135.44592508954074,136.98190307617188,159211400.0
2024-12-13,138.57773734651352,139.2360201486468,132.19441524956173,133.89996337890625,231514900.0
2024-12-16,133.83011579862796,134.0495433619733,130.07992554881972,131.6558074951172,237951100.0
2024-12-17,128.75340490862754,131.24688636654815,126.52922370948323,130.05001831054688,259410300.0
2024-12-18,133.51098920213212,136.3435808551527,127.94553603601128,128.5738983154297,277444500.0
2024-12-19,131.41644980197495,133.68053537391728,129.212220572867,130.33926391601562,209719200.0
2024-12-20,129.4715360054975,134.92727495716574,127.88568536239204,134.34878540039062,306528600.0
2024-12-23,135.9246564899382,139.42549888718457,134.76767747092137,139.30581665039062,176053500.0
2024-12-24,139.63497303105362,141.53001300601622,138.28848684636677,139.85440063476562,105157000.0
2024-12-26,139.33575896662117,140.48276971800976,137.37089410442982,139.56515502929688,116205600.0
2024-12-27,138.1887488761999,138.65752461945982,134.35876491420703,136.6527557373047,170582600.0
2024-12-30,134.47843254273522,139.90425017541338,133.67054705312722,137.13150024414062,167734700.0
2024-12-31,137.67011945974758,137.71002369221526,133.48107297196478,133.9398651123047,155659200.0
2025-01-02,135.64538180842524,138.51787711680194,134.27895893528864,137.94935607910156,198247200.0
2025-01-03,139.64492988439244,144.52217900012494,139.36566117903786,144.0933074951172,229322500.0
2025-01-06,148.20258376458906,151.76328315584956,147.43460231153736,149.04039001464844,265377400.0
2025-01-07,152.63098706400407,152.73073241075815,139.6449312609891,139.77459716796875,351782200.0
2025-01-08,142.20823556727345,143.57465852876186,137.20132056545756,139.7446746826172,227349900.0
2025-01-10,137.09161147098868,139.55517244006612,133.870037595658,135.55563354492188,207602500.0
2025-01-13,129.65108668370792,133.14196124495902,129.1723272147668,132.88262939453125,204808900.0
2025-01-14,135.69526562735138,136.02440701006375,129.71091005586072,131.41644287109375,195590500.0
2025-01-15,133.30153730793728,136.09424010113995,130.94768976753863,135.88479614257812,185217300.0
2025-01-16,138.2785134363621,138.38822723428095,133.14194748607855,133.22174072265625,209235600.0
2025-01-17,136.33360735729912,138.13888566634566,135.10681862678206,137.3509521484375,201188800.0
2025-01-21,138.79717036536638,141.4602070208564,136.7325601923546,140.4628143310547,197749000.0
2025-01-22,144.2828188497205,147.4046473751733,143.29539468537405,146.68653869628906,237651400.0
2025-01-23,144.67181084027297,146.8461195709751,143.34527675360425,146.83615112304688,155915500.0
2025-01-24,147.98316218253018,148.58160393928114,141.5100927680708,142.24815368652344,234657600.0
2025-01-27,124.47460659166907,128.06521102414737,116.39571998533557,118.11123657226562,818830900.0
2025-01-28,121.49241361825959,128.66367023130923,115.94691212705192,128.65370178222656,579666400.0
2025-01-29,126.17017448185184,126.55915701971556,119.7369947161038,123.37747192382812,467120600.0
2025-01-30,122.77902774247364,124.6740752075284,117.79206473417251,124.32498931884766,392925500.0
2025-01-31,123.45726880122108,127.5166568388694,118.87923990097873,119.75694274902344,388161100.0
2025-02-03,114.45081877343719,118.26085879772401,112.71535750831777,116.35584259033203,371235700.0
2025-02-04,116.65504874608332,120.88399164410859,116.39572451460701,118.34064483642578,256550000.0
2025-02-05,121.44252915135603,124.67407915232373,120.44513651813745,124.50452423095703,262230800.0
2025-02-06,127.08775801782105,128.43424405982125,124.8835213759819,128.34446716308594,251483600.0
2025-02-07,128.88307105233656,130.03006643749526,124.67407312607986,129.50144958496094,228186300.0
2025-02-10,129.7508034170435,134.64800487659767,129.621152724233,133.22174072265625,216989100.0
2025-02-11,132.23433823730105,134.12937845518158,130.67840791626125,132.45376586914062,178902400.0
2025-02-12,129.68100547013307,131.89521852186024,128.7434538800678,130.79808044433594,160278600.0
2025-02-13,131.21697039655388,136.14409236479662,130.82798788427175,134.93724060058594,197430000.0
2025-02-14,136.1241301373402,138.88691174540978,135.14668970558725,138.4879608154297,195479600.0
2025-02-18,140.90167961185236,143.06602007700403,137.57037622357197,139.0365447998047,219176600.0
2025-02-19,139.1462426003846,140.99142508356047,136.86222013681927,138.86697387695312,167536000.0
2025-02-20,139.6648814501138,140.2932436442011,136.43332401924008,139.7446746826172,143903600.0
2025-02-21,139.67487215272783,141.09118323158302,133.68054728393315,134.07949829101562,228217600.0
2025-02-24,136.20394796569565,138.22865397806314,129.74084737496105,129.94032287597656,251381100.0
2025-02-25,129.64109140603463,129.86051900489684,124.11554286315072,126.2998275756836,271428700.0
2025-02-26,129.6510686159171,133.38130717279842,128.15497972672858,130.9376983642578,322553800.0
2025-02-27,134.64801060127058,134.6579790491402,119.69709659183455,119.83673095703125,443175800.0
2025-02-28,117.71228788508736,124.76385425600982,116.09651651556653,124.59429931640625,389091100.0
2025-03-03,123.18796891235903,123.37746834229016,111.98724605192426,113.76260375976562,411381400.0
2025-03-04,110.36150296756519,118.9989197292815,109.82291000037466,115.68757629394531,398163300.0
2025-03-05,117.27343224392774,117.97160407078815,114.21143704412195,116.9941635131836,284337900.0
2025-03-06,113.2339891683523,115.04924353236196,109.93262184934352,110.28170776367188,321181900.0
2025-03-07,110.9599388924034,113.18412798197828,107.27955736061682,112.39618682861328,341755500.0
2025-03-10,109.61344966651625,111.5583622176382,105.18502403072868,106.70106506347656,366487400.0
2025-03-11,106.71104344992001,111.94735515473401,104.49683042579257,108.47643280029297,354865700.0
2025-03-12,113.83293253862912,116.46629097878981,112.59604629385464,115.4488525390625,323857500.0
2025-03-13,116.73559490158165,117.46376184203,113.50374766538481,115.28924560546875,299033100.0
2025-03-14,118.31162236591584,121.57339292473429,117.85278046649132,121.36392211914062,277593500.0
2025-03-17,122.43123309193861,122.58085727393843,117.73308248243704,119.22930908203125,255501500.0
2025-03-18,117.70316017412442,118.7205909220559,114.25186503478537,115.1396255493164,299686900.0
2025-03-19,116.97498651717953,120.14698705841565,115.3889900516623,117.22435760498047,273426200.0
2025-03-20,116.25681189739694,119.89762393291265,116.17701131755277,118.23182678222656,248829700.0
2025-03-21,116.64582513098318,117.6931791575635,115.1296446207881,117.4039077758789,266498500.0
2025-03-24,119.57842622721644,121.91254366285413,119.03978374206928,121.10458374023438,228452500.0
2025-03-25,120.24674348347415,120.98487978418257,118.62083909476823,120.38639068603516,167447200.0
2025-03-26,118.4313220614094,118.5410383402261,112.42646191953317,113.47382354736328,293463300.0
2025-03-27,111.0698805170997,114.16208047077859,110.38162149260253,111.1496810913086,236902100.0
2025-03-28,111.20953292547101,112.58606625933987,108.79562251910656,109.39411163330078,229872500.0
2025-03-31,104.86552901006266,110.68086470981991,103.38925640513808,108.10735321044922,299212700.0
2025-04-01,108.2470050831867,109.92277920039626,106.20216660392524,109.87290954589844,222614000.0
2025-04-02,107.0200962834212,111.69830029652357,106.5213541109438,110.14221954345703,220601200.0
2025-04-03,103.24961220285616,105.36427425680411,101.344413349133,101.54391479492188,338769400.0
2025-04-04,98.66118836013088,99.87811296890389,91.87829121020437,94.07275390625,532273800.0
2025-04-07,87.2399869097494,101.49404025826172,86.40210364552667,97.39437866210938,611041300.0
2025-04-08,103.54884894952201,105.5837179566193,94.2223717079774,96.05774688720703,476243400.0
2025-04-09,98.6412345329499,114.8104562069238,97.28465510127192,114.04239654541016,612918300.0
2025-04-10,109.09486759895934,110.58111717003517,98.9005761841806,107.29939270019531,437812400.0
2025-04-11,108.22705265135043,111.26938298194372,107.20962195648086,110.65093994140625,313417300.0
2025-04-14,113.82295197096049,114.00249947758738,108.7956293956101,110.43150329589844,264705000.0
2025-04-15,110.69084593782598,113.33418114021705,110.22202704858428,111.9177474975586,228966900.0
2025-04-16,104.28700420641553,106.52136728458446,100.19731179816195,104.2271499633789,397016900.0
2025-04-17,104.18724851478048,104.20720246563869,99.79832299108041,101.23469543457031,292517500.0
2025-04-21,98.52153569265882,99.18985605733366,94.80092295909544,96.66622161865234,288501100.0
2025-04-22,98.53150383378456,99.55891150664588,97.03527729423074,98.64122772216797,241004800.0
2025-04-23,104.25706634151078,104.53636836662163,101.76335533667917,102.45162200927734,247526000.0
2025-04-24,103.21968611105362,106.2719858525715,102.85061415392688,106.16226196289062,220815000.0
2025-04-25,106.58121206849437,111.63845793071249,105.46403435389149,110.73075103759766,251064700.0
2025-04-28,109.4140660423662,110.09235573735528,105.75329251827114,108.45648193359375,207708500.0
2025-04-29,107.39914795371472,109.9227823722281,107.16973079396023,108.7457504272461,170444300.0
2025-04-30,104.20719367744803,108.64599609375,103.81817538074749,108.64599609375,235044600.0
2025-05-01,112.79554223516973,114.65086390129245,111.02002115064856,111.32923889160156,236121500.0
2025-05-02,113.8927727544179,115.10970497913567,113.08481279973248,114.21196746826172,190194800.0
2025-05-05,112.62597685282235,114.38154406705421,112.3766057315755,113.53368377685547,133163200.0
2025-05-06,111.19957134225872,114.4513652140045,110.541227943435,113.25438690185547,158525600.0
2025-05-07,112.7656187028628,117.38396890879066,111.99755142427854,116.7655258178711,206758800.0
2025-05-08,117.95252869863282,118.38144728921775,115.55856464909375,117.07474517822266,198428100.0
2025-05-09,117.05480348234514,117.93259470484641,114.92018728068513,116.3565673828125,132972200.0
2025-05-12,121.66318211752383,122.69058990478516,119.97743092665668,122.69058990478516,225023300.0
2025-05-13,124.66561195964681,130.88991289915035,124.15689275092413,129.6031494140625,330430100.0
2025-05-14,132.86491109788813,135.09928149974084,131.34873063875938,134.99952697753906,281180800.0
2025-05-15,133.95217934435928,135.95713281870513,132.32629004982778,134.49082946777344,226632600.0
2025-05-16,135.87734710554645,136.00702496804118,133.12429521702722,135.0594024658203,226542500.0
2025-05-19,132.05695004104146,135.52819125301625,132.05695004104146,135.2289581298828,193154600.0
2025-05-20,133.95214600718342,134.2414249474983,132.2863492260215,134.04193115234375,161514200.0
2025-05-21,132.72526966841644,137.0543482410567,130.26148202288624,131.46844482421875,270608700.0
2025-05-22,131.89735290411087,133.9122755767364,131.21907084385478,132.495849609375,187344000.0
2025-05-23,129.67295354222074,132.3462040479136,128.83507041838283,130.95970153808594,198821300.0
2025-05-27,133.81252390577552,135.31873506532702,132.9746406768617,135.1591339111328,192953600.0
2025-05-28,135.68780317037033,136.904735369061,134.45091702175245,134.4708709716797,304021100.0
2025-05-29,141.8921589021039,143.12904506361895,137.56308016740775,138.83985900878906,369241900.0
2025-05-30,138.37105052724368,139.26878048564038,132.5856374053386,134.7900848388672,333170900.0
2025-06-02,135.14917875467413,137.77255260816483,135.05939358324852,137.034423828125,197663100.0
2025-06-03,138.43088175862894,141.64278269656361,137.60296789247522,140.86474609375,225578800.0
2025-06-04,141.83231333868676,142.03180718032695,139.18897047063936,141.56298828125,167120800.0
2025-06-05,141.81237210270294,143.63777059715719,138.48077746536075,139.6378631591797,231397900.0
2025-06-06,142.1515008770834,142.9095987862069,141.15401644541944,141.36349487304688,153986200.0
2025-06-09,142.8297985646697,144.63524295526028,141.58294302195193,142.27120971679688,185114500.0
2025-06-10,142.33106034435926,143.92702635161132,141.17397471532814,143.59786987304688,155881900.0
2025-06-11,144.25623511410478,144.6353103750697,141.52293261104455,142.4805908203125,167694000.0
2025-06-12,141.62269259555393,144.64527893066406,141.50299102868564,144.64527893066406,162365000.0
2025-06-13,142.13144281545507,143.22875794239724,140.50544068193668,141.62269592285156,180820600.0
2025-06-16,142.9993260342438,145.82238955213242,142.84968384945327,144.33604431152344,183133700.0
2025-06-17,144.13651543605366,144.86472525299953,143.42824573031362,143.7674102783203,139108000.0
2025-06-18,143.6576946584193,145.2936820241915,142.7698725249477,145.1240997314453,161494100.0
2025-06-20,145.09416929186932,145.84233449814036,142.30101614416546,143.4980926513672,242956200.0
2025-06-23,142.15140884759998,144.4258301714446,141.6825573691225,143.81732177734375,154308900.0
2025-06-24,145.2038906048871,147.5980282297711,145.14403982802034,147.5381622314453,187566100.0
2025-06-25,148.90484638085596,154.07216728635598,148.8948611020321,153.93251037597656,269146500.0
2025-06-26,155.59840525486092,156.33660039378947,153.6232534017049,154.64076232910156,198145700.0
2025-06-27,155.65826650868465,158.32174817747665,154.880175871103,157.3640899658203,263234500.0
2025-06-30,158.01250107649778,158.2718747820143,155.57848281781088,157.603515625,194580300.0
2025-07-01,155.9076636637482,156.81544119896878,151.1194180014287,152.92498779296875,213143600.0
2025-07-02,152.6057523429847,157.21446053326332,152.59578228626097,156.8653106689453,171224100.0
2025-07-03,157.98256705200242,160.58618269349765,157.3840439934681,158.9501953125,143716100.0
2025-07-07,157.81297934590498,158.92026447090194,156.95508262544374,157.85289001464844,140139000.0
2025-07-08,158.9402376292259,159.8280598400772,158.00253468758166,159.6085968017578,138133000.0
2025-07-09,160.82559421950873,164.01776272716893,160.76574343834326,162.48153686523438,183656400.0
2025-07-10,163.91802564623063,164.0975779997467,161.214648514871,163.6985626220703,167704100.0
2025-07-11,163.319494380175,167.4792915182188,163.07010595303956,164.5165557861328,193633300.0
2025-07-14,164.96544774793,165.08516454052796,161.62365204151925,163.66864013671875,136975800.0
2025-07-15,170.77121644956358,171.97824787505814,168.78607915204378,170.28240966796875,230627400.0
2025-07-16,170.64153593048928,171.32985042878116,168.4868162544787,170.95077514648438,158831500.0
2025-07-17,171.59919907952485,173.73396348002274,170.41210769028996,172.57679748535156,160841100.0
2025-07-18,173.2152376188811,173.82374603307778,170.8410547534149,171.98825073242188,146456400.0
2025-07-21,172.32739806402674,172.9558617527255,170.58167912560677,170.96075439453125,123126100.0
2025-07-22,170.9208530826869,170.97073381366536,164.17739532245605,166.62139892578125,193114300.0
2025-07-23,169.1152710575868,170.84103463039327,167.55908978070133,170.36221313476562,154082200.0
2025-07-24,172.01814916975516,173.4047480967394,170.88093864849802,173.31497192382812,128984600.0
2025-07-25,173.18529303585547,174.29257821699642,172.53688923976992,173.0755615234375,122316800.0
2025-07-28,173.59427940607588,176.56698483220254,173.5443986824528,176.31759643554688,140023500.0
2025-07-29,177.52466141853475,178.9411858321479,174.5918511336965,175.0806427001953,154077500.0
2025-07-30,176.07819353379378,179.4499298230835,175.60934208925488,178.83145141601562,174312200.0
2025-07-31,182.4525537970388,182.8515843840116,175.4996037416905,177.4348602294922,221685400.0
2025-08-01,173.6641186818972,176.1081221843386,170.47194991004753,173.29502868652344,204529000.0
2025-08-04,174.7315205700618,179.75918483209097,174.0930867713682,179.55967712402344,148174600.0
2025-08-05,179.18058718831315,179.81902093485988,175.46968627980374,177.82391357421875,156407600.0
2025-08-06,175.898641889325,179.4599006050506,175.81883576850015,178.9810791015625,137192300.0
2025-08-07,181.12583532286254,183.43018196887525,178.3626072705472,180.32778930664062,151878400.0
2025-08-08,181.10587113034643,182.85159004607542,179.95867528141937,182.2530517578125,123396700.0
2025-08-11,181.6046387082212,183.39025298215157,179.80903915640334,181.61460876464844,138323200.0
2025-08-12,182.51242163652668,184.02869221788941,179.0209838780724,182.71192932128906,145485700.0
2025-08-13,182.1732462738988,183.51994981646104,178.9112567337155,181.14576721191406,179871700.0
2025-08-14,179.31025614092474,182.57226061200618,179.02097229994772,181.57470703125,129554000.0
2025-08-15,181.43506987144983,181.45500998578265,177.6044521364236,180.00856018066406,156602200.0
2025-08-18,180.15820389652,182.49247589603021,180.14821861780752,181.5647430419922,132008000.0
2025-08-19,181.98369406640825,182.0535301239894,175.0606849397743,175.21031188964844,185229200.0
2025-08-20,174.74146841521826,175.56943975883806,168.38705663117767,174.9709014892578,215142700.0
2025-08-21,174.42225404103465,176.46722675550242,173.38478976711397,174.5519256591797,140040900.0
2025-08-22,172.18775194658505,178.15311905934888,170.78119751777692,177.55459594726562,172789400.0
2025-08-25,177.91369740024777,181.46498591558236,176.13805314258047,179.3701171875,163012800.0
2025-08-26,179.61950918930867,181.94381103857447,178.37256711704984,181.32533264160156,168688200.0
2025-08-27,181.5347912004848,182.04355325393357,178.66184732021665,181.15573120117188,235518900.0
2025-08-28,180.37766708382995,184.01873199506826,175.97845161993425,179.729248046875,281787800.0
2025-08-29,177.674269227683,177.71416467354967,172.72639675993378,173.75387573242188,243257900.0
2025-09-02,169.58412249632292,171.9583050821389,166.81092453439402,170.36221313476562,231164900.0
2025-09-03,170.6415475595936,171.98825125424256,168.4668876205481,170.20262145996094,164424900.0
2025-09-04,170.1527518438138,171.43958949445846,168.9955858311417,171.24008178710938,141670100.0
2025-09-05,167.61895876455202,168.61651253460658,163.66865435915497,166.61143493652344,224441400.0
2025-09-08,167.14011909123317,170.54178073137314,166.9406114031506,167.89825439453125,163769100.0
2025-09-09,168.67632677148754,170.56170237945196,166.33208505275803,170.3422393798828,157548400.0
2025-09-10,176.2078799889887,178.85139113084074,175.04074401948455,176.8961944580078,226852000.0
2025-09-11,179.2505624618324,179.8491345673521,176.05821341780958,176.74656677246094,151159300.0
2025-09-12,177.34510547722002,178.1731234709029,176.02825318201792,177.39498901367188,124911000.0
2025-09-15,175.25011923668302,178.4225264520066,174.0928881658194,177.3251495361328,147061600.0
2025-09-16,176.5769489507663,177.0757538913052,173.96321593348455,174.46202087402344,140737800.0
2025-09-17,172.22736966160153,172.78602876073558,168.00748411706098,169.8829803466797,211843800.0
2025-09-18,173.56417834624654,176.67673180432445,172.54662713675344,175.81878662109375,191763300.0
2025-09-19,175.34988368438943,177.65435995090164,174.76128231706025,176.2477264404297,237182100.0
2025-09-22,174.88102184557565,184.10891359634738,174.2924356467209,183.17115783691406,269637000.0
2025-09-23,181.53508786527138,181.98400930831284,175.78885990523673,178.0035400390625,192559600.0
2025-09-24,179.34032288959435,179.35029350783142,174.9807575937583,176.54701232910156,143564100.0
2025-09-25,174.06298508983102,179.82916955782613,172.71622074990066,177.26531982421875,191586700.0
2025-09-26,177.74415791919978,179.3403398828169,174.51189629291883,177.7641143798828,148573700.0
2025-09-29,179.99875523700084,183.56023005067578,179.88903275637574,181.41537475585938,193063500.0
2025-09-30,181.64480411708308,186.9022123120565,181.04623211551163,186.13404846191406,236981000.0
2025-10-01,184.79726069745416,187.6903232769056,183.46045188172369,186.79248046875,173844900.0
2025-10-02,189.146847340247,190.59337868298996,187.6105195355423,188.43853759765625,136805800.0
2025-10-03,188.7378093314507,189.90501102540352,184.93691825112066,187.1715545654297,137596900.0
2025-10-06,185.0566446584491,186.78250559975277,182.8918329061041,185.09654235839844,157678100.0
2025-10-07,185.78489078203316,188.6081286768816,183.56022492696124,184.5977325439453,140088000.0
2025-10-08,186.12408236678675,189.14683908131633,186.09414006589398,188.6580047607422,130168900.0
2025-10-09,191.77054228398893,194.83321191134357,190.60334055524348,192.1097412109375,182997200.0
2025-10-10,193.04749823427522,195.15245586263575,181.61489659616785,182.7222442626953,268774400.0
2025-10-13,187.52073401073042,189.65561858658472,185.51554359294212,187.86990356445312,153482800.0
2025-10-14,184.3283771191491,184.35830419700528,179.27048784899807,179.59970092773438,205641400.0
2025-10-15,184.35831474003746,184.42813951825556,176.86625456034105,179.4001922607422,214450500.0
2025-10-16,181.79445210488134,182.84194556906473,179.34034021746592,181.37545776367188,179723300.0
2025-10-17,179.74934657743225,183.65999082680747,179.3203816221287,182.78208923339844,173135200.0
2025-10-20,182.69231029505525,184.75735492260156,181.2956472677441,182.20347595214844,128544700.0
2025-10-21,182.35309871753384,182.35309871753384,179.37025499304198,180.7270050048828,124240200.0
2025-10-22,180.7070509305708,183.00155667206866,176.33751483638122,179.84910583496094,162249600.0
2025-10-23,179.988777912505,182.59254038327154,179.3602787988416,181.72462463378906,111363700.0
2025-10-24,183.40059008116805,187.0219186862977,183.06140638753934,185.81480407714844,131296700.0
2025-10-27,189.53590332097463,191.54109366524804,187.97961914819697,191.03231811523438,153452700.0
2025-10-28,192.58860677151606,202.6644582837766,191.45133202040452,200.54953002929688,297986200.0
2025-10-29,207.482921843539,211.6828666070652,204.29057291407037,206.545166015625,308829600.0
2025-10-30,204.65966800141675,205.66726375798942,200.9286166610889,202.4050750732422,178864400.0
2025-10-31,205.95656932325562,207.4729406961805,201.5870481318289,202.00604248046875,179802200.0
2025-11-03,207.58265732795536,210.83485992622803,205.068676268978,206.38552856445312,180267300.0
2025-11-04,202.51479915904252,203.48248192945988,197.4569099225941,198.21510314941406,188919300.0
2025-11-05,198.29492759193732,202.43500266122365,194.18476438007542,194.74343872070312,171350300.0
2025-11-06,195.95054108781363,197.1476699621838,185.9345440647224,187.63047790527344,223029800.0
2025-11-07,184.45808484875374,187.86992448023628,178.48241062826605,187.7003173828125,264942300.0
2025-11-10,194.6436788693004,199.46213677715232,193.32682642239038,198.5742645263672,198897100.0
2025-11-11,194.69355355890158,194.9529266552934,190.84277869998112,192.69833374023438,176483300.0
2025-11-12,195.25221648764446,195.4218083488666,190.673190567689,193.33680725097656,154935300.0
2025-11-13,190.59336353184335,190.98243076168436,183.4105757073767,186.4133758544922,207423100.0
2025-11-14,182.4229582335574,190.55347333374138,180.14840873831534,189.71548461914062,186591900.0
2025-11-17,185.52550787171305,188.54826454585316,183.8794576828592,186.1540069580078,173628900.0
2025-11-18,182.94170515591497,184.35830936263392,179.22060933347112,180.92652893066406,213598900.0
2025-11-19,184.34831228056447,187.41098174033533,182.39300555425,186.07418823242188,247246400.0
2025-11-20,195.4816571057099,195.53154064523628,179.42014682895694,180.208251953125,343504800.0
2025-11-21,180.80682891210233,184.11888595894638,172.51667761994415,178.4524688720703,346926200.0
2025-11-24,179.0610093294625,183.06141961318156,176.0581937395723,182.1136932373047,256618300.0
2025-11-25,174.49194072660026,177.73417270583553,169.14475137656873,177.39498901367188,320600300.0
2025-11-26,181.19589856886267,182.47283807635972,177.81400147563977,179.82916259765625,183852000.0
2025-11-28,178.5821404669205,178.86147001761242,176.07814512953246,176.5769500732422,121332800.0
2025-12-01,174.34231895632354,179.8690869073362,173.26489832447646,179.489990234375,188131000.0
2025-12-02,181.32556167204697,185.21624923794855,179.56977380817938,181.0262908935547,182632200.0
2025-12-03,180.6472109015755,182.01393165685582,178.68191808959097,179.1607666015625,165138000.0
2025-12-04,181.1960032737075,184.08924235816875,179.53989011299373,182.951904296875,167364900.0
2025-12-05,183.46070200471706,184.22890867632069,180.48766317737477,181.98416137695312,143971100.0
2025-12-08,182.213626289633,187.56111397793046,181.9741810893209,185.11683654785156,204378100.0
2025-12-09,185.12679644575,185.2864265695677,182.89203560496765,184.53817749023438,144719700.0
2025-12-10,184.53819180758595,185.0469957406681,181.61502392815055,183.35096740722656,162785400.0
2025-12-11,179.85912243695617,180.89670300875093,176.20766331092784,180.50759887695312,182136600.0
2025-12-12,180.68718311570447,182.39319766595756,174.21232912082112,174.6114044189453,204274900.0
2025-12-15,177.52459033283526,178.0034654802094,174.6213802569945,175.87843322753906,164775600.0
2025-12-16,175.8485164107673,178.07332144734244,174.4916907151964,177.30511474609375,148588100.0
2025-12-17,175.68889685369163,175.71882560019336,169.91240520818417,170.5409393310547,222775500.0
2025-12-18,174.1225483861358,175.7387615308714,171.41888356310693,173.73345947265625,176096000.0
2025-12-19,176.2575523358494,181.0263919449467,175.92832091222974,180.56747436523438,324925900.0
2025-12-22,183.49062822521734,183.73007341419415,181.9243013805983,183.26116943359375,129064400.0
2025-12-23,182.5428423541149,188.88799500778453,182.47299846788633,188.76828002929688,174873600.0
2025-12-24,187.50124372172942,188.4689804086018,186.154389299292,188.169677734375,65528500.0
2025-12-26,189.47662851874142,192.240166195598,187.5611125998212,190.085205078125,139740300.0
2025-12-29,187.2717899684254,188.31932652162573,185.47598909796272,187.7805938720703,120006100.0
2025-12-30,187.8005508490403,188.5487999407664,186.49359631469858,187.1021728515625,97687300.0
2025-12-31,189.12746144975497,190.11514057964584,186.0546497967401,186.0646209716797,120100500.0
2026-01-02,189.39681300359115,192.47959571470966,187.8204997023152,188.4091339111328,148240500.0
2026-01-05,191.31233377676458,193.1779786425506,185.7154296257417,187.6808319091797,183529700.0
2026-01-06,190.07522846701318,191.72137039337454,186.3838692947835,186.80288696289062,176862600.0
2026-01-07,188.12978540958392,190.9232365533545,186.12446806753155,188.66851806640625,153543200.0
2026-01-08,188.66852284990722,189.10749810453436,183.28113525242415,184.60801696777344,172457000.0
2026-01-09,184.64792389684447,185.9049768874807,183.2412119543349,184.42843627929688,131327500.0
2026-01-12,182.79226917353867,186.6831584288149,182.59273912358015,184.5082550048828,137968500.0
2026-01-13,184.5681140987238,187.6708543554723,182.97184323887342,185.376220703125,160128900.0
2026-01-14,183.88968589856495,184.02935843961012,180.3778995796448,182.71243286132812,159586100.0
2026-01-15,186.06460797964908,189.25713440169068,185.895006678512,186.6133270263672,206188600.0
2026-01-16,188.63857958929228,189.99540517049002,185.6455833269296,185.79522705078125,187967200.0
2026-01-20,181.47532662721457,181.95421697054311,177.19534884297914,177.65428161621094,223345300.0
2026-01-21,178.6320081827799,184.94723253133864,177.9835164834521,182.8920440673828,200381000.0
2026-01-22,184.31869154642928,185.7353746560278,183.5005985718231,184.40847778320312,139636600.0
2026-01-23,187.06227125943187,189.15737478680413,186.38386606278428,187.23187255859375,142748100.0
2026-01-26,186.7230748442759,188.6784906596197,185.55580805974404,186.03468322753906,124799600.0
2026-01-27,186.80288446054914,189.55643562401056,185.2664711415707,188.07989501953125,143711600.0
2026-01-28,190.82347487286611,191.9009553855833,189.3968053634026,191.07289123535156,148552700.0
2026-01-29,190.89331059974717,193.0283141326731,185.62563804704834,192.06057739257812,171764400.0
2026-01-30,190.76362243793778,194.0359639826301,189.0276790286862,190.68380737304688,179489500.0
2026-02-02,186.7629812920276,189.8557504766133,184.4484052141589,185.17669677734375,165794100.0
2026-02-03,185.8052108647954,185.8351396091497,175.81857039871747,179.91897583007812,204019600.0
2026-02-04,179.04104143486663,179.16075641282603,171.50866453387607,173.78334045410156,207014100.0
2026-02-05,174.5215964583249,176.40719862825284,170.6307075914073,171.47872924804688,206312900.0
2026-02-06,176.277498975506,186.56342663955238,174.1923819783884,184.97714233398438,231346200.0
2026-02-09,183.82983865020864,193.20790343822367,183.52056478242866,189.59634399414062,196387400.0
2026-02-10,190.93321971968697,192.0306425866914,187.6808205923615,188.09983825683594,136764800.0
2026-02-11,192.00071425091673,192.80882083578368,188.329312674443,189.6063232421875,144192700.0
2026-02-12,192.5793648877844,193.1580126884611,186.07458174632154,186.5035858154297,189932500.0
2026-02-13,187.04232046551596,187.0622780376601,181.16607138035295,182.3832244873047,161888000.0
2026-02-17,181.3256935584433,186.71308084037668,178.76168607280786,184.53817749023438,162276900.0
2026-02-18,188.3093443160685,189.92555739322245,186.3239846890322,187.5411376953125,164749100.0
2026-02-19,186.62329889395997,187.9900957055448,185.22657333636724,187.46133422851562,126554500.0
2026-02-20,186.13446388219373,189.88568076730476,185.50592973146237,189.3768768310547,178422300.0
2026-02-23,190.9531700210539,193.49722008283115,189.13742673270812,191.1028289794922,171584800.0
2026-02-24,191.04296985904048,193.31764595479845,186.96250644177093,192.39979553222656,175123600.0
2026-02-25,193.9960453222018,197.16862939564908,193.33758246616242,195.10345458984375,250637100.0
2026-02-26,193.81646526905493,193.8364076167612,183.88969739169633,184.45835876464844,360807900.0
2026-02-27,180.82687141264745,182.16373952566906,175.96824531148394,176.77635192871094,311636500.0
2026-03-02,174.60143816018197,183.0317240302905,174.23230678711255,182.0540008544922,209095300.0
2026-03-03,178.0732983803544,180.47766036606842,176.50695643346228,179.62965393066406,178099400.0
2026-03-04,180.01876499488523,184.26881453838726,179.63964723402094,182.61268615722656,177731200.0
2026-03-05,180.74705501791135,183.6303076754259,177.4647422536165,182.9119873046875,198779700.0
2026-03-06,179.42014994688597,182.3333312190456,176.40721126414203,177.40487670898438,189021900.0
2026-03-09,176.4171820751478,182.48298979408452,175.1501427003192,182.2235870361328,177213600.0
2026-03-10,181.97417604353973,186.00475307627937,181.5850871183009,184.33865356445312,179118500.0
2026-03-11,185.4860219488843,187.1921136401388,184.02934488988058,185.60574340820312,145280400.0
2026-03-12,183.63027948516628,184.51824924312825,181.33552155955923,182.72235107421875,155762700.0
2026-03-13,184.49827615888313,185.6656060713691,179.5296376335348,179.83892822265625,160988400.0
2026-03-16,182.55273992235968,188.44926587891726,180.9962999229416,182.8021697998047,217307400.0
2026-03-17,184.63795767039014,184.97717862722422,181.26566108165355,181.5150909423828,182497800.0
2026-03-18,182.06384475172882,182.96180140975886,179.91875397930713,179.98858642578125,156683100.0
2026-03-19,177.60403750119184,179.56954607641802,175.38909905828712,178.1527862548828,170968500.0
2026-03-20,177.59405294207926,177.85345450506617,171.32837633709812,172.30613708496094,241323500.0
2026-03-23,176.85574153065542,177.96321071223454,174.36144294367455,175.23944091796875,182836300.0
2026-03-24,174.4312942297872,175.81812366395545,173.58322660302642,174.80044555664062,147667800.0
2026-03-25,176.69612335614488,180.8067226806179,176.44669348987364,178.2725067138672,162602100.0
2026-03-26,175.66847416549638,176.10745794358192,170.74970926821888,170.8494873046875,186152200.0
2026-03-27,169.61229451028825,170.58008352629554,166.62910808502988,167.13795471191406,196212700.0
2026-03-30,168.3950875250076,169.0635577295173,163.89537828689438,164.79331970214844,185627000.0
2026-03-31,166.58922503111532,174.22177306603788,166.57925331681818,174.0022735595703,226181300.0
2026-04-01,175.59862725595661,176.96549806235143,174.3514779146501,175.3491973876953,168132000.0
2026-04-02,171.7873183615289,177.0852211444685,170.9791680862979,176.98544311523438,143143200.0
2026-04-06,176.75597747742694,177.3845303646084,175.35916114415525,177.23487854003906,107564300.0
2026-04-07,175.32922705160684,177.8235255680002,173.26395579650787,177.69383239746094,132534900.0
2026-04-08,184.079243714486,184.83750503722598,179.8888249511496,181.66476440429688,147732700.0
2026-04-09,181.42529878487736,183.6601958045732,180.20807985372045,183.49058532714844,116428500.0
2026-04-10,183.88967366981893,189.56669990817062,183.87970195572368,188.1998291015625,160459500.0
2026-04-13,185.605746824658,189.2274732756209,185.3164148846483,188.87826538085938,133648200.0
2026-04-14,190.40477641072036,196.0618438720703,190.33494396561244,196.0618438720703,161307000.0
2026-04-15,196.09178511161633,199.94298301571828,195.2936216855987,198.41647338867188,185338400.0
2026-04-16,196.97974400923295,199.39423847906178,195.36344336942167,197.8976593017578,134012900.0
2026-04-17,199.44410763257105,201.2400056483541,198.8155547450397,201.2200469970703,160324400.0
2026-04-20,199.52392392325544,201.70893187328167,197.38880498867078,201.59918212890625,119381400.0
2026-04-21,201.66904795828867,202.28762917830338,198.54618104306965,199.42417907714844,107945300.0
2026-04-22,200.53164182940822,202.03819274902344,198.54617460274403,202.03819274902344,107501000.0
2026-04-23,201.99828375930824,203.3651545152774,196.77022843278436,199.18470764160156,113561800.0
2026-04-24,199.50398270942756,210.46890943516505,199.35431566144254,207.79502868652344,214134400.0
2026-04-27,209.17187844164343,216.33551207209098,206.90706623150768,216.1160125732422,187172400.0
2026-04-28,209.01225288404052,214.2402930542568,207.72518626919629,212.68385314941406,180275400.0
2026-04-29,212.2149257168926,212.23488436877426,207.10660696252424,208.77279663085938,123711800.0
2026-04-30,209.45124259423534,209.82040915320695,198.24685712515335,199.11488342285156,225239200.0
2026-05-01,200.8209691272831,202.5370477944956,196.67045257290908,197.99742126464844,128647000.0
2026-05-04,199.04502180842945,201.2699318245734,194.29588290907526,198.02734375,125368100.0
2026-05-05,198.84548202478717,199.7833407086998,195.58293528206713,196.05186462402344,113406600.0
2026-05-06,199.43413852494058,207.7950323152332,198.15705885791613,207.3560333251953,188362800.0
2026-05-07,207.86487247229027,213.7115092245668,206.02907228582575,211.01766967773438,168307900.0
2026-05-08,212.5441790763045,217.30330524675068,212.40449895841255,214.709228515625,136421400.0
2026-05-11,213.55186573785767,221.79303819063418,213.40221390900197,218.93955993652344,160685800.0
2026-05-12,218.05159434962442,223.23973257586303,214.42986778297353,220.27650451660156,159176600.0
2026-05-13,224.41703053540263,227.32039781394542,221.0647077692387,225.3149871826172,150405400.0
2026-05-14,229.32582552778115,236.00055597235212,228.77707677625682,235.202392578125,180782900.0
2026-05-15,229.23602944473367,230.9720668751014,223.7286287034134,224.80616760253906,180977600.0
2026-05-18,229.34577348371204,229.4754818886306,217.8719993892805,221.81300354003906,146280900.0
2026-05-19,219.11914008419038,223.96805720569674,217.41304835521052,220.1068878173828,140948200.0
2026-05-20,222.6710257508039,225.61431038954527,219.9971448577806,222.9603729248047,184201600.0
2026-05-21,221.78305837384474,226.8814055684356,217.43300079554024,219.0093994140625,203381800.0
2026-05-22,220.39621757095847,220.50596731800164,214.3101381389001,214.83892822265625,169275700.0
2026-05-26,216.04617181279934,217.68243116855118,211.5165320236786,214.37001037597656,187202600.0
2026-05-27,213.63168066177133,213.66161102691768,208.30386252985457,212.1151580810547,167601200.0
2026-05-28,210.79815519844968,215.02849096688144,210.73829446983814,213.76138305664062,143996000.0
2026-05-29,214.09065053210412,217.36316924965476,210.64852132770383,210.6584930419922,289410600.0
2026-06-01,215.23801892090273,224.35717434911126,215.20808855445495,223.8483428955078,212850700.0
2026-06-02,226.66188583823322,231.75026086454594,220.84519513709748,222.3118438720703,193362900.0
2026-06-03,221.2143597561905,222.31185725112735,214.02079575535723,214.26025390625,160907000.0
2026-06-04,213.67091279390368,221.35231998810906,210.73419644348996,218.4156036376953,169022200.0
2026-06-05,214.2902104723603,214.62982678346356,204.10161444712602,204.87075805664062,219655500.0
2026-06-08,209.94507132882276,210.23475572682116,205.76975069388217,208.40679931640625,138372800.0
2026-06-09,210.3845825512031,211.16370951624515,199.11719156565087,207.95730590820312,180962500.0
2026-06-10,204.20149632565034,206.98838641050182,199.696542748819,200.19598388671875,161746600.0
2026-06-11,201.26479475008583,205.43013200106668,199.31696212361035,204.64100646972656,158643200.0
2026-06-12,204.6310298517525,206.83856645475237,203.21261880599855,204.96066284179688,112001800.0
2026-06-15,208.68648640498938,212.47225882321928,208.10713284720606,212.21253967285156,149936700.0
2026-06-16,210.94395209283806,211.25361840198772,207.05830064217733,207.1781768798828,125694100.0
2026-06-17,208.29691745433288,208.9761653200819,202.8530121596522,204.42124938964844,128363500.0
2026-06-18,207.09826842291386,211.1537281092123,206.26919428756833,210.4545135498047,241272000.0
2026-06-22,211.2036686200953,213.7508214450341,207.48782537372824,208.41677856445312,122041400.0
2026-06-23,201.94403040148535,203.54224815949766,199.77645766483005,199.81640625,153496200.0
2026-06-24,199.89631590195674,201.44458647582786,196.36027935647695,198.77757263183594,151810700.0
2026-06-25,199.85637045714446,200.5755669254449,191.9152592982058,195.52122497558594,149550000.0
2026-06-26,192.90414096411192,195.33143282930595,191.0062707295152,192.31480407714844,179304100.0
2026-06-29,193.63333194293918,195.96071419295149,189.58785574691487,194.7520751953125,148835700.0
2026-06-30,197.0195429632178,200.4057532237791,194.89191886651452,199.86634826660156,166476700.0
2026-07-01,195.98069896251877,199.62662840490702,193.23377271109229,197.35916137695312,146147600.0
2026-07-02,196.9196593659626,199.8363939026278,192.1350197738411,194.61224365234375,142068700.0
2026-07-06,194.20269428466304,197.32920075051607,193.77318221313826,195.33143615722656,108999000.0
2026-07-07,192.15498377986222,198.18824142626735,190.92636281467173,196.7098846435547,124154600.0
2026-07-08,194.9618356993413,204.93069180759116,194.84197470333905,203.891845703125,147419100.0
2026-07-09,204.23147485952867,204.36131918975943,198.73762239526957,202.5533447265625,132037400.0
2026-07-10,201.7742207048944,210.7641612313501,201.69430829342895,210.72421264648438,148421000.0
2026-07-13,208.3069001369788,210.33464515051216,202.77309911383117,203.30250549316406,121411000.0
2026-07-14,207.96729575339148,212.31243993744155,203.57221964678251,211.5632781982422,124379600.0
2026-07-15,211.7230919717581,213.57101502024952,205.80969553973085,212.26248168945312,124797200.0
2026-07-16,209.93509060438328,210.84407715298516,205.61992700554663,207.16818237304688,122986100.0
2026-07-17,202.41350482950477,206.41901728963356,197.74872640584337,202.58331298828125,144281900.0
2026-07-20,205.63989694335598,207.50781723343968,202.05391309694542,203.05279541015625,88701500.0
2026-07-21,207.30802440628602,208.4167843613107,203.78197113093626,207.0583038330078,108685600.0
2026-07-22,205.57996827489498,214.15038042761168,204.72092886821054,211.82298278808594,137645600.0
2026-07-23,209.22588688656515,210.63429930291466,205.72979894313582,208.5266571044922,110505300.0
2026-07-24,207.21812923496972,211.6731509810223,204.5810805834776,206.6088104248047,114836800.0
2026-07-27,207.96729627325774,208.51668459839084,195.22156333884286,196.2903594970703,154353700.0
2026-07-28,194.78204700134697,198.47790843456414,192.52457850774027,196.789794921875,134111500.0
2026-07-29,195.63110696844683,196.84974460884015,189.79762268066406,189.79762268066406,147680800.0
2026-07-30,193.23377181769484,197.02952748682713,191.3059363552755,194.82199096679688,129010200.0
2026-07-31,198.2182038580375,201.77422236802423,194.73209918257555,200.52561950683594,139961200.0
2026-08-03,197.46904862701152,208.50670133078404,196.62999113475112,206.40904235839844,128406900.0
2026-08-04,211.06382570110384,212.82185300096492,208.8163406042335,211.70310974121094,134922000.0
2026-08-05,216.6176127852948,221.9716224388697,216.15812022814887,218.9749755859375,158187400.0
2026-08-06,221.28239358061882,223.38005249670454,216.75745800384053,218.7452392578125,113940600.0
2026-08-07,221.29237770419127,224.50877992471257,220.41337164588714,223.70968627929688,105669400.0
2026-08-10,223.15029107269072,223.88946943306019,216.5277120448001,217.3068389892578,115846600.0
2026-08-11,221.92167541427946,221.9516406634887,215.95834695389817,217.25689697265625,101273100.0
2026-08-12,220.7929293559802,224.84840415873398,219.95387191061064,223.8395233154297,108783600.0
2026-08-13,224.80845001468583,226.97602279610956,223.45996804263754,225.04818725585938,98867200.0
2026-08-14,226.51654155338588,227.23573802273873,224.24907448357243,224.90834045410156,75680900.0
2026-08-17,225.72741618855906,227.66525027466162,224.60867289832842,224.7584991455078,93678700.0
2026-08-18,220.20359791537197,221.39227027986857,218.44557057093272,219.49440002441406,103128200.0
2026-08-19,221.4222404106533,222.62089613745684,216.51772459764655,217.31683349609375,96797300.0
2026-08-20,218.1159423024499,219.6142657707553,215.41896310784705,216.60763549804688,92457000.0
2026-08-21,218.17587248780362,218.49552214328025,214.26025565862156,214.48001098632812,98869300.0
2026-08-24,215.28910206110334,215.34903256074918,207.01835779182306,208.24697875976562,135187300.0
2026-08-25,210.79412790131315,214.48998931653267,209.87515802586688,212.81187438964844,122309000.0
2026-08-26,212.40232405945306,213.3612577394914,208.99613188036045,209.4256591796875,179900000.0
2026-08-27,222.61090164325523,230.21239627098788,220.6530857022795,227.7251739501953,298909800.0
2026-08-28,227.10587153371227,229.00374173344596,216.56766062888835,217.3068389892578,195116400.0
2026-08-31,218.62536478578363,221.05265670783686,215.96834944345454,220.53323364257812,124702700.0
2026-09-01,216.50774446342592,220.1636574397174,214.8595947199138,217.1969757080078,109756200.0
2026-09-02,218.5454508199983,227.6952163087265,218.23579974693772,224.1591796875,157104700.0
2026-09-03,225.76737972053164,230.14247379152744,224.49879494304554,228.1946563720703,134681600.0
2026-09-04,230.83170360414334,234.49759976142684,229.37334400327853,230.10252380371094,135352400.0
2026-09-08,232.84944771666764,233.44878317831424,224.59868561283858,225.47769165039062,122965600.0
2026-09-09,225.0281992525124,225.92718720955042,223.21024142511232,223.4199981689453,82955500.0
2026-09-10,220.52999877929688,220.99000549316406,217.1999969482422,218.36000061035156,105768000.0
2026-09-11,221.24000549316406,222.0,218.14999389648438,218.2899932861328,89060100.0
2026-09-14,211.24000549316406,212.77000427246094,208.92999267578125,210.9600067138672,132267200.0
2026-09-15,213.3800048828125,213.94000244140625,211.16000366210938,212.1699981689453,88059700.0
2026-09-16,214.13999938964844,216.75999450683594,212.5,213.89999389648438,96563600.0
2026-09-17,218.3800048828125,219.91000366210938,217.14999389648438,219.33999633789062,94191300.0
2026-09-18,219.35000610351562,222.72999572753906,218.02999877929688,222.27000427246094,189683500.0
